CompanyID,CompanyName,Industry,2025_Revenue,2026_Predicted_Revenue,Growth_%
653,Company_653,Energy,35.9,66.26746381206512,84.58903568820368
853,Company_853,Energy,69.3,93.43885536963874,34.832403130791846
764,Company_764,Energy,62170.9,78863.39875541828,26.849376083373862
617,Company_617,Healthcare,9950.0,12555.634219795858,26.18727859091315
535,Company_535,Energy,59585.9,73759.15904090824,23.786263261792204
685,Company_685,Energy,13754.1,17020.024998138364,23.74510144712023
403,Company_403,Retail,10010.2,12342.153708990429,23.2957753989973
732,Company_732,Transportation,3310.2,4079.505139495336,23.24044285829667
581,Company_581,Energy,11619.0,14136.395978054117,21.666201721784294
372,Company_372,Energy,22416.1,27145.438909905428,21.097955977647448
141,Company_141,Energy,7528.4,9115.081937724073,21.075951566389588
320,Company_320,Technology,10151.2,12252.563447023815,20.70064078162004
411,Company_411,Healthcare,11175.9,13455.96817351214,20.401651531528913
34,Company_34,Energy,21020.8,25234.180621214706,20.043864273551463
240,Company_240,Transportation,4040.5,4848.956966777225,20.008834717911764
47,Company_47,Consumer Goods,296.1,355.2526322929671,19.977248325892297
970,Company_970,Healthcare,6722.7,8063.154490615307,19.93922814665695
921,Company_921,Healthcare,6613.5,7884.44930859386,19.217499184907542
178,Company_178,Transportation,6860.0,8165.512172290623,19.030789683536785
399,Company_399,Energy,29065.2,34524.39565381969,18.782584168764316
428,Company_428,Manufacturing,6717.6,7969.045527757859,18.62935464686583
890,Company_890,Utilities,202.9,240.67314749469284,18.61663257500879
882,Company_882,Energy,11731.7,13893.344450096887,18.425671045942927
919,Company_919,Consumer Goods,13844.0,16310.769444371535,17.81832883828038
742,Company_742,Transportation,1653.7,1942.2332361435306,17.447737566882175
850,Company_850,Healthcare,6212.6,7292.869527103697,17.388364406266238
858,Company_858,Finance,4774.0,5603.8183900058275,17.38203581914176
796,Company_796,Healthcare,12278.1,14405.880791175352,17.329886474090873
134,Company_134,Healthcare,9486.5,11119.828954833758,17.217403202801435
985,Company_985,Healthcare,13583.3,15888.559353070961,16.971276148439348
816,Company_816,Manufacturing,5486.0,6412.401326072856,16.886644660460373
125,Company_125,Finance,5626.2,6550.238931977242,16.423855034965733
731,Company_731,Finance,7717.8,8979.726240052487,16.350854389236396
986,Company_986,Retail,6466.6,7502.175610521529,16.014220927868255
953,Company_953,Technology,6218.1,7213.809421826246,16.013081517284146
293,Company_293,Finance,9677.8,11224.241566455108,15.979267668841151
835,Company_835,Healthcare,5191.5,6021.010057399537,15.9782347568051
883,Company_883,Technology,7897.7,9145.568943470142,15.80040953024478
544,Company_544,Energy,11745.8,13597.015091571853,15.760655651993513
582,Company_582,Healthcare,4532.4,5246.720552293495,15.760315777369497
574,Company_574,Transportation,1971.9,2278.326776820476,15.539671221688517
585,Company_585,Energy,12717.0,14678.842400721816,15.42692774020458
961,Company_961,Transportation,140.6,162.00565433478778,15.224505216776517
394,Company_394,Transportation,2782.3,3202.1633038430386,15.090511585488208
928,Company_928,Healthcare,7429.9,8550.643218900797,15.084230190188263
185,Company_185,Transportation,793.8,913.3836785430051,15.06471133068848
584,Company_584,Healthcare,5001.4,5751.198121477528,14.991764735424645
316,Company_316,Healthcare,27189.4,31245.267884721517,14.917092266550625
258,Company_258,Healthcare,10126.6,11633.449223070975,14.880110037633306
6,Company_6,Transportation,3297.0,3782.8361519999394,14.735703730662403
917,Company_917,Energy,15478.0,17753.069332228166,14.698729372193862
802,Company_802,Consumer Goods,3595.3,4120.71136463743,14.61383930791394
35,Company_35,Healthcare,2196.1,2516.986778339403,14.611665149100816
591,Company_591,Manufacturing,2138.3,2450.1982667373272,14.58627258744456
632,Company_632,Transportation,2232.6,2557.0192090692017,14.53100461655477
245,Company_245,Finance,4420.6,5061.255707426652,14.492505710235083
862,Company_862,Finance,5949.0,6802.963564806662,14.354741381856822
722,Company_722,Healthcare,5365.9,6131.8150985353095,14.27374901759835
745,Company_745,Utilities,3808.0,4349.7937960762865,14.227778258305843
216,Company_216,Transportation,3973.8,4538.809221310464,14.218360795975226
996,Company_996,Healthcare,5503.9,6286.353730546568,14.216350779384952
453,Company_453,Energy,3910.0,4465.283304059061,14.201619029643512
309,Company_309,Transportation,4719.9,5389.852908004397,14.194218267429346
889,Company_889,Healthcare,3933.7,4491.641638549532,14.18363470904066
333,Company_333,Technology,22843.0,26078.253269310557,14.162996407260678
305,Company_305,Manufacturing,9443.5,10773.803146647613,14.086971426352656
291,Company_291,Technology,25251.7,28800.585542310142,14.054046033772543
423,Company_423,Healthcare,5007.2,5704.550877722624,13.926962728123987
828,Company_828,Technology,24884.9,28348.388910253314,13.918034270795996
339,Company_339,Finance,3562.5,4058.212437023065,13.914735074331647
268,Company_268,Technology,8550.5,9738.418286367973,13.89296867280244
639,Company_639,Healthcare,2788.2,3175.0590954995573,13.874868929759613
78,Company_78,Technology,6942.5,7903.9957602124905,13.849416783759317
956,Company_956,Finance,5813.1,6617.854791968718,13.843814693859002
706,Company_706,Healthcare,10314.8,11737.275967710259,13.79063062502675
863,Company_863,Healthcare,4213.9,4794.878988039658,13.787203968761915
682,Company_682,Technology,8909.8,10138.133990117418,13.786325059119381
285,Company_285,Energy,37684.0,42834.989517140784,13.668903293548414
282,Company_282,Transportation,2359.5,2680.7722418431727,13.616115356777819
190,Company_190,Technology,6410.6,7283.166307330707,13.611304828420224
754,Company_754,Transportation,2340.5,2658.1734345138707,13.57288761007779
814,Company_814,Consumer Goods,1967.0,2231.9910838180635,13.47183954336876
782,Company_782,Finance,13768.4,15619.322945149122,13.443268245759295
27,Company_27,Healthcare,6291.5,7136.902618739907,13.43721876722414
587,Company_587,Healthcare,4663.1,5287.349680504516,13.387010368735726
75,Company_75,Technology,5019.2,5689.9489531139325,13.363662597902707
593,Company_593,Manufacturing,7945.7,9004.769847292557,13.328842610374881
113,Company_113,Manufacturing,6715.5,7610.204191113579,13.322972096099758
665,Company_665,Technology,11384.2,12899.038689254106,13.306501021188188
397,Company_397,Consumer Goods,8082.2,9153.534443964045,13.25548048754108
557,Company_557,Healthcare,11534.9,13062.35783045517,13.2420552449971
28,Company_28,Technology,6674.2,7556.8811497349325,13.225272687886678
157,Company_157,Consumer Goods,6055.5,6855.580195826071,13.212454724235338
149,Company_149,Technology,26430.6,29903.68167263773,13.140381499616849
46,Company_46,Healthcare,12120.4,13704.360052262165,13.06854602374646
370,Company_370,Technology,7425.1,8393.11180484331,13.037020442058832
148,Company_148,Healthcare,19327.6,21844.57238007113,13.02268455509806
980,Company_980,Retail,3785.2,4277.301928206569,13.0006849890777
275,Company_275,Healthcare,6855.6,7746.803967863485,12.999649452469288
96,Company_96,Manufacturing,2353.3,2658.098501356225,12.95196113356668
638,Company_638,Healthcare,10604.8,11976.93234940042,12.938785732879648
250,Company_250,Manufacturing,3429.0,3870.038942981675,12.86202808345509
110,Company_110,Healthcare,4373.5,4935.235875709163,12.844080843927367
694,Company_694,Consumer Goods,6571.9,7415.390265069256,12.834800667527757
768,Company_768,Healthcare,10405.1,11738.879082632826,12.818512869965934
819,Company_819,Finance,2919.5,3292.712497539421,12.783438860743992
321,Company_321,Energy,4923.2,5549.09845899572,12.71324461723513
417,Company_417,Transportation,568.0,639.728401280285,12.628239662022
2,Company_2,Retail,4371.5,4923.194299059218,12.620251608354522
129,Company_129,Healthcare,2423.2,2728.545413462229,12.600916699497745
120,Company_120,Consumer Goods,3631.9,4088.957137115158,12.584518767453886
715,Company_715,Technology,4688.2,5275.994577080451,12.537745341078685
71,Company_71,Consumer Goods,4797.4,5398.145766291408,12.522319720919842
354,Company_354,Manufacturing,2071.6,2330.6563203763467,12.50513228308297
680,Company_680,Healthcare,4976.8,5587.187923679076,12.264666526263387
989,Company_989,Energy,6509.1,7304.113586834112,12.21387882862625
455,Company_455,Consumer Goods,3243.5,3639.031322961826,12.19458372011179
348,Company_348,Healthcare,6299.4,7066.630417514899,12.179420540287952
270,Company_270,Manufacturing,7241.8,8123.758782544658,12.178723280740394
457,Company_457,Transportation,3671.9,4118.4582662375005,12.16150402346198
751,Company_751,Transportation,223.8,250.95431647183335,12.133296010649392
817,Company_817,Energy,25950.8,29082.35214246122,12.067266297999367
323,Company_323,Healthcare,3721.2,4168.272219457719,12.014194868798219
610,Company_610,Technology,7669.6,8590.880254275835,12.012103033741454
337,Company_337,Finance,6490.4,7269.6747970492615,12.006575820431129
126,Company_126,Manufacturing,4331.6,4851.128394017273,11.993914350754295
14,Company_14,Transportation,1623.4,1817.9849128255182,11.986258027936314
68,Company_68,Manufacturing,6162.4,6899.373061611638,11.959188978509
723,Company_723,Manufacturing,15963.6,17863.619432049516,11.902198952927384
52,Company_52,Consumer Goods,2495.3,2792.1121930401346,11.894850039679973
908,Company_908,Technology,8189.3,9160.449336051035,11.858758820058306
15,Company_15,Healthcare,11489.1,12851.371119992516,11.857074270330278
39,Company_39,Transportation,2744.5,3069.548658724418,11.843638503349178
808,Company_808,Technology,12974.1,14503.294861510883,11.78651977024135
554,Company_554,Manufacturing,2035.9,2275.375895254398,11.762655103610097
158,Company_158,Energy,15874.9,17740.466862522902,11.7516763099163
188,Company_188,Consumer Goods,6856.4,7658.581610593503,11.699749293995437
717,Company_717,Energy,24550.0,27411.95400036131,11.65765376929251
945,Company_945,Finance,3622.1,4043.7887459804388,11.642106677906156
783,Company_783,Manufacturing,5708.4,6372.9458200698145,11.641542640141108
692,Company_692,Healthcare,2820.5,3148.716450260334,11.636817949311617
792,Company_792,Finance,2691.9,3004.2130801820067,11.601956988818554
257,Company_257,Finance,2922.7,3260.702928975149,11.56474934051217
542,Company_542,Transportation,1082.2,1206.839038027935,11.517190725183415
613,Company_613,Consumer Goods,4774.7,5323.484584861407,11.493592997704715
559,Company_559,Manufacturing,4629.8,5161.00113577627,11.473522307146517
903,Company_903,Manufacturing,8544.4,9524.373528084672,11.469190675584858
326,Company_326,Finance,5512.2,6143.0941913867,11.445415467267155
876,Company_876,Healthcare,3361.4,3745.4537391388917,11.425410220113394
691,Company_691,Healthcare,7986.6,8895.079101003796,11.375041957826799
737,Company_737,Technology,5984.4,6664.745381336486,11.368648174194352
664,Company_664,Finance,7642.8,8511.274228945733,11.363299169751041
668,Company_668,Retail,6691.6,7451.654721132516,11.358340623057499
666,Company_666,Finance,7614.6,8476.076060933208,11.31347754226365
659,Company_659,Technology,8177.9,9102.151270294984,11.301816729172335
498,Company_498,Technology,36032.9,40080.69604544818,11.233611631170902
253,Company_253,Technology,3360.5,3737.0450769642243,11.205031303800753
511,Company_511,Healthcare,3630.3,4037.016801804007,11.203393708619314
451,Company_451,Consumer Goods,7488.5,8325.919190605819,11.18273607005166
569,Company_569,Energy,12923.3,14363.352336523923,11.14306977725445
430,Company_430,Healthcare,21277.3,23647.34340932225,11.138835328365207
564,Company_564,Energy,10246.7,11385.214570780801,11.111036438861296
820,Company_820,Energy,2098.4,2331.062747168977,11.0876261517812
222,Company_222,Technology,24496.5,27211.090121937454,11.081542758914349
230,Company_230,Transportation,549.4,610.2654566620128,11.078532337461372
98,Company_98,Energy,22508.4,24997.65144861171,11.059210999501106
426,Company_426,Transportation,2326.8,2583.4907571296435,11.031921829535985
325,Company_325,Finance,2420.6,2686.847564169446,10.999238377652066
752,Company_752,Healthcare,15349.4,17031.881872128226,10.961222406922918
384,Company_384,Healthcare,13370.6,14821.962965433655,10.854882843205651
829,Company_829,Manufacturing,3138.4,3478.852542454056,10.847965283394599
353,Company_353,Finance,6181.2,6850.87528928209,10.834066027342432
937,Company_937,Technology,10244.8,11353.614910161436,10.823197233342148
560,Company_560,Technology,7364.4,8159.5686165015095,10.797466412762885
244,Company_244,Energy,13969.7,15476.525554781061,10.786384494878632
290,Company_290,Transportation,2844.3,3150.8657115667847,10.77824813018263
344,Company_344,Technology,7000.5,7754.035301347935,10.76402116060189
655,Company_655,Finance,4569.2,5060.2078730643625,10.746035915791882
221,Company_221,Healthcare,7864.2,8708.366384069397,10.734294449141647
84,Company_84,Consumer Goods,4337.2,4802.630557686727,10.731129707800594
214,Company_214,Utilities,4660.7,5158.533056464509,10.681508281256235
176,Company_176,Healthcare,3654.2,4043.510198244375,10.65377369176222
620,Company_620,Retail,3556.8,3934.7738617617283,10.626795483629332
97,Company_97,Consumer Goods,2594.3,2869.7763707308163,10.61852410017408
873,Company_873,Consumer Goods,1557.5,1722.0553125456524,10.565349120106097
963,Company_963,Transportation,4739.7,5239.041722528321,10.53530228766211
962,Company_962,Finance,2918.7,3225.8609704172445,10.523896612095959
589,Company_589,Finance,3808.6,4208.825702661769,10.508472999573845
649,Company_649,Finance,16331.7,18036.23562679844,10.436976106580692
847,Company_847,Finance,4425.9,4887.198730881864,10.42271020316466
758,Company_758,Healthcare,36695.2,40518.64623987312,10.419472410214741
994,Company_994,Manufacturing,2372.4,2619.4196756948363,10.41222709892245
670,Company_670,Technology,25759.0,28430.134871866547,10.369714941832163
229,Company_229,Finance,2847.5,3141.818994775952,10.33604898247417
462,Company_462,Technology,51770.7,57090.73566670319,10.27615169720169
949,Company_949,Transportation,1438.0,1585.5177657281515,10.258537255087031
810,Company_810,Healthcare,4636.3,5110.560116071188,10.229280160282713
520,Company_520,Manufacturing,2636.6,2905.849689357325,10.212003692533006
677,Company_677,Utilities,4226.4,4656.9414258499255,10.18695404717788
387,Company_387,Consumer Goods,2262.7,2492.2697546475856,10.145832618004412
404,Company_404,Healthcare,3916.2,4309.411305118283,10.040633908336737
5,Company_5,Finance,3162.1,3476.006650697711,9.92715760721391
982,Company_982,Technology,6710.5,7374.765581347377,9.898898462817623
288,Company_288,Technology,54400.6,59782.64650063578,9.89335871412408
906,Company_906,Energy,7664.5,8418.574059477924,9.838529055749541
195,Company_195,Transportation,1703.0,1870.3812455000318,9.828611009984252
964,Company_964,Technology,8091.3,8883.051041097082,9.785214256016731
460,Company_460,Technology,5487.6,6022.44286475733,9.74638940078231
104,Company_104,Technology,9998.8,10972.867380950769,9.741842830647377
548,Company_548,Retail,9800.9,10753.450075245068,9.71900616519981
839,Company_839,Manufacturing,2420.5,2655.5348745392153,9.71017866305372
838,Company_838,Finance,20162.6,22113.482014937435,9.675746257612792
941,Company_941,Consumer Goods,7028.0,7703.257436964224,9.608102404158002
8,Company_8,Healthcare,7117.1,7798.576077644203,9.575193233819991
652,Company_652,Finance,6030.1,6606.816513983347,9.563962686909784
519,Company_519,Retail,2704.7,2962.1649874408167,9.5191698687772
209,Company_209,Consumer Goods,1890.3,2070.147609000279,9.514236311711311
769,Company_769,Manufacturing,2204.1,2413.629459237476,9.506349949524804
412,Company_412,Energy,36923.4,40427.490847652,9.490163006797852
175,Company_175,Finance,11141.7,12198.559325616923,9.485620018640981
85,Company_85,Manufacturing,2382.0,2607.642835439918,9.472831042817722
487,Company_487,Technology,35369.4,38715.233055936405,9.45968282169447
219,Company_219,Transportation,716.5,784.1219898077766,9.437821326975097
910,Company_910,Finance,3283.9,3593.6465692727647,9.432277757324055
515,Company_515,Finance,18660.4,20415.03919932335,9.403009578162033
357,Company_357,Transportation,3721.9,4071.6446114464834,9.396937355825877
735,Company_735,Finance,3168.8,3466.436299456895,9.392713312828038
957,Company_957,Technology,2282.9,2497.0821892193867,9.382022393420062
813,Company_813,Finance,3760.6,4113.166065154089,9.375260999683265
342,Company_342,Energy,5279.7,5772.309526173757,9.33025600268495
734,Company_734,Consumer Goods,1690.8,1847.6191553179099,9.274849498338652
600,Company_600,Technology,6755.8,7382.152455799388,9.27132916604085
205,Company_205,Energy,24003.0,26222.95758757504,9.248667198162902
558,Company_558,Finance,4629.6,5056.000891065183,9.210318193044383
656,Company_656,Finance,1873.1,2045.5599301008176,9.207192894176377
73,Company_73,Transportation,2043.7,2231.7206958295683,9.200014475195392
864,Company_864,Consumer Goods,3611.4,3942.7418899678155,9.174887577333317
978,Company_978,Transportation,4789.9,5229.339111740509,9.174285720798125
446,Company_446,Manufacturing,3027.3,3304.9315317997793,9.170928939972224
946,Company_946,Healthcare,3164.0,3454.106486134787,9.168978702110834
595,Company_595,Consumer Goods,3953.5,4315.501325889216,9.156477194617828
90,Company_90,Energy,6572.5,7174.292175713835,9.156214160727801
965,Company_965,Healthcare,2952.4,3222.3483278568274,9.143352115459534
488,Company_488,Utilities,3344.3,3649.7877340719524,9.134579256404994
416,Company_416,Healthcare,3075.0,3355.678017602766,9.127740409846048
583,Company_583,Healthcare,9455.1,10317.546335749383,9.121493540516571
484,Company_484,Manufacturing,2067.9,2256.497581772639,9.120246712734605
524,Company_524,Transportation,2616.6,2854.189883765676,9.080099509503782
993,Company_993,Healthcare,8472.9,9242.23521868679,9.079951594929605
271,Company_271,Healthcare,7882.9,8597.82524180657,9.069317659827854
373,Company_373,Energy,16525.4,18019.977981280837,9.044125898803273
9,Company_9,Technology,6764.0,7375.498406319305,9.040485013591146
673,Company_673,Healthcare,2465.1,2687.803069337801,9.034240774727234
472,Company_472,Healthcare,4953.8,5401.072918292378,9.028885265702645
266,Company_266,Technology,11051.7,12048.753429382772,9.02172000129185
545,Company_545,Manufacturing,6202.3,6757.906361190783,8.958069767518227
690,Company_690,Finance,4073.9,4438.665777149297,8.953724370978602
750,Company_750,Finance,6425.2,6996.641745057432,8.893758094027142
62,Company_62,Technology,10231.1,11139.57933959934,8.87958615983951
512,Company_512,Finance,8917.0,9708.334932344214,8.87445253273763
975,Company_975,Consumer Goods,2224.3,2421.444953598855,8.863235786488106
449,Company_449,Manufacturing,2346.0,2553.777496729245,8.856670789822884
974,Company_974,Energy,19581.8,21313.900880760157,8.84546303588106
83,Company_83,Healthcare,3696.9,4022.725845435646,8.813488204594282
179,Company_179,Finance,2534.0,2756.9382071790874,8.797877157817181
24,Company_24,Technology,16884.5,18368.78623333949,8.790821364799026
452,Company_452,Consumer Goods,3486.7,3793.1524783549125,8.789183995035787
602,Company_602,Technology,11698.9,12722.785402984166,8.751980126201317
127,Company_127,Consumer Goods,3575.1,3887.8571954796626,8.748208315282444
382,Company_382,Energy,5288.1,5750.454718493495,8.743305128373045
361,Company_361,Energy,7391.5,8034.462935136798,8.698680039732091
606,Company_606,Transportation,5758.4,6258.93459815048,8.692251287692427
896,Company_896,Manufacturing,269.6,292.96441695169835,8.66632676249938
458,Company_458,Transportation,6688.3,7265.706907829254,8.633089242845777
44,Company_44,Healthcare,11371.6,12352.329525479081,8.62437586161209
442,Company_442,Consumer Goods,2360.5,2563.261247147209,8.5897584048807
41,Company_41,Energy,6929.7,7523.6460003591155,8.571020395675365
438,Company_438,Transportation,2089.6,2267.882677105527,8.53190453223234
624,Company_624,Healthcare,2518.7,2733.302461360471,8.52036611587213
200,Company_200,Consumer Goods,5837.6,6334.687458127248,8.515270969700687
64,Company_64,Consumer Goods,2299.3,2494.1502329109017,8.47432840042193
726,Company_726,Healthcare,3204.0,3475.212692228697,8.464815612630993
378,Company_378,Technology,2554.2,2770.365886459904,8.463154273741443
30,Company_30,Transportation,1356.5,1470.4336861317918,8.399092232347348
74,Company_74,Energy,3541.1,3837.0405365791194,8.357305260487404
803,Company_803,Consumer Goods,1873.5,2029.8886883277944,8.347407970525456
17,Company_17,Utilities,4630.8,5016.851394488408,8.336602627805298
425,Company_425,Consumer Goods,4585.4,4963.7241864282605,8.250625603617152
231,Company_231,Technology,4959.3,5367.057531132977,8.222078340349977
714,Company_714,Transportation,131.4,142.20263371461536,8.22118243121412
144,Company_144,Utilities,1779.3,1925.2623440466205,8.203357727568173
578,Company_578,Transportation,1828.3,1977.9314212841462,8.184183191169184
599,Company_599,Transportation,209.8,226.9059113323961,8.153437241370872
845,Company_845,Retail,1871.7,2024.2191384632101,8.148695755901592
433,Company_433,Retail,12701.6,13735.815298155818,8.142401730142797
766,Company_766,Finance,4173.9,4513.234919869465,8.129924527886748
181,Company_181,Finance,3865.3,4179.136296695786,8.119325710702551
79,Company_79,Healthcare,10727.6,11596.32876240776,8.098071911776723
228,Company_228,Finance,3857.0,4168.773456671804,8.08331492537733
979,Company_979,Energy,21474.8,23203.975797823925,8.052115958350837
950,Company_950,Technology,10192.6,11011.618170995585,8.035419529811676
474,Company_474,Consumer Goods,3310.2,3576.1206887357803,8.033372265596656
699,Company_699,Transportation,845.0,912.8126083615459,8.025160752845672
872,Company_872,Consumer Goods,2004.3,2164.8772483006746,8.011637394635269
100,Company_100,Manufacturing,1664.3,1797.4133153155026,7.998156300877405
150,Company_150,Manufacturing,2485.5,2684.1764900900107,7.993421447998822
167,Company_167,Energy,20645.2,22294.33516747493,7.987983489987636
904,Company_904,Utilities,1982.5,2140.8422186846487,7.986997159376985
760,Company_760,Manufacturing,2198.5,2373.273915182229,7.94968911449756
799,Company_799,Consumer Goods,4349.1,4694.142804772886,7.933659947411775
561,Company_561,Healthcare,3898.4,4207.317992229508,7.92422512388435
362,Company_362,Technology,4837.3,5219.7464145824815,7.906195906445358
576,Company_576,Finance,3575.9,3858.406843609805,7.900300444917502
856,Company_856,Healthcare,3751.1,4047.0143553659623,7.888735447361104
629,Company_629,Retail,2555.2,2756.656932020041,7.884194271291532
40,Company_40,Transportation,4126.1,4450.459575111722,7.861166115986569
522,Company_522,Transportation,298.0,321.3077222958435,7.821383320752859
262,Company_262,Transportation,1780.7,1919.8138315308418,7.812311536521688
377,Company_377,Consumer Goods,5860.2,6317.619045686538,7.8055193625906645
907,Company_907,Transportation,968.5,1044.0914552224165,7.805003120538613
705,Company_705,Consumer Goods,3301.0,3558.3679265590063,7.796665451651205
54,Company_54,Healthcare,13316.3,14354.328049239475,7.795168697306878
492,Company_492,Manufacturing,2385.0,2570.9032408319667,7.794685150187284
684,Company_684,Finance,1801.3,1941.4887413537494,7.782642611100288
295,Company_295,Finance,3361.5,3622.7688000019193,7.772387327143219
865,Company_865,Consumer Goods,2209.3,2380.4247206151426,7.745653402215291
135,Company_135,Transportation,1673.3,1802.8723150917942,7.743519697113147
503,Company_503,Manufacturing,7727.0,8322.208509623548,7.7029702293716555
398,Company_398,Finance,2143.1,2307.0797980022107,7.651523400784417
108,Company_108,Healthcare,23168.0,24938.84497547986,7.643495232561552
413,Company_413,Consumer Goods,3700.7,3983.444845094708,7.640307106620589
837,Company_837,Healthcare,2234.8,2405.3692976277907,7.632418902263762
612,Company_612,Utilities,575.7,619.1684974608182,7.55054671891926
658,Company_658,Utilities,3433.2,3692.35501835783,7.548497563725684
155,Company_155,Finance,8538.9,9179.464041333309,7.501716161722347
611,Company_611,Energy,22642.5,24339.333722601397,7.494021078067339
563,Company_563,Energy,3530.9,3794.859427932569,7.475698205346196
48,Company_48,Technology,4740.9,5094.888307348476,7.466690024013925
260,Company_260,Consumer Goods,3595.0,3863.4095571963007,7.466190742595291
477,Company_477,Manufacturing,1697.0,1823.6530647007392,7.463350895741848
469,Company_469,Retail,1981.9,2129.4457379053997,7.444661078026117
341,Company_341,Finance,26361.2,28311.214547790834,7.397290517088879
192,Company_192,Consumer Goods,744.9,799.9351609680223,7.388261641565618
521,Company_521,Technology,9643.8,10354.452570671045,7.36900983710825
579,Company_579,Retail,1491.3,1600.413387244228,7.316662458541412
696,Company_696,Healthcare,3939.9,4227.327786253193,7.295306638574408
977,Company_977,Energy,6501.8,6974.184908286177,7.265448157220725
12,Company_12,Finance,3577.8,3837.3819998545123,7.255352447160604
500,Company_500,Utilities,2495.0,2675.478478537117,7.23360635419307
368,Company_368,Finance,5197.5,5572.975970907149,7.224164904418444
952,Company_952,Energy,6877.7,7373.665814321028,7.2112161670475325
887,Company_887,Utilities,4003.6,4290.819441219841,7.174029404032395
899,Company_899,Manufacturing,3580.3,3837.070695056527,7.171764797824948
671,Company_671,Technology,19454.9,20845.95695747677,7.150162465377713
301,Company_301,Finance,1764.3,1889.4538331863089,7.093682094105818
875,Company_875,Healthcare,5944.8,6364.725693375912,7.0637480382167865
69,Company_69,Energy,10995.3,11769.968864561317,7.045454553866813
572,Company_572,Retail,2697.3,2886.537619288519,7.015816530920513
567,Company_567,Healthcare,1799.4,1925.5543121267003,7.010909865883084
391,Company_391,Retail,937.4,1002.6963719824247,6.965689351656147
99,Company_99,Healthcare,10538.8,11272.798275092267,6.964723451363231
543,Company_543,Energy,93522.7,100035.88694928307,6.964284552609231
236,Company_236,Retail,2071.9,2216.177086512122,6.963515927994688
381,Company_381,Utilities,3331.7,3563.4309509254394,6.955336642718121
435,Company_435,Retail,3007.8,3216.815363266837,6.949111086735709
895,Company_895,Finance,8786.7,9396.815095823105,6.943620424312933
115,Company_115,Consumer Goods,337.0,360.38012610093847,6.937722878616756
246,Company_246,Consumer Goods,3709.3,3966.4848810521344,6.933515246869602
815,Company_815,Technology,23043.7,24640.920181086956,6.931266164231245
710,Company_710,Manufacturing,3731.9,3990.19129177954,6.921173980533769
998,Company_998,Healthcare,2042.3,2183.382725647354,6.908031417879558
311,Company_311,Consumer Goods,6459.0,6903.699664690561,6.884961521761277
539,Company_539,Healthcare,5483.8,5860.31302695423,6.865914638648923
804,Company_804,Energy,8288.1,8854.446759484428,6.833252005700073
273,Company_273,Transportation,409.5,437.466056405105,6.829317803444446
37,Company_37,Energy,4183.6,4468.175336352462,6.802164077647524
470,Company_470,Technology,13820.7,14760.255525596593,6.7981761097237605
224,Company_224,Manufacturing,2588.3,2763.893387183035,6.784120356335617
893,Company_893,Finance,9447.8,10088.207590438156,6.778377933891035
310,Company_310,Energy,2858.9,3052.6133084694684,6.7757986802430406
189,Company_189,Healthcare,2345.5,2504.4129056556844,6.775225139871431
643,Company_643,Manufacturing,16492.3,17605.40848430217,6.749261681525141
934,Company_934,Consumer Goods,2156.1,2300.9900323442866,6.720005210532292
142,Company_142,Finance,2921.6,3117.4381358098008,6.7031125345632825
930,Company_930,Transportation,495.2,528.3508415591026,6.694434886733163
431,Company_431,Consumer Goods,1189.8,1269.4373870535678,6.693342330943677
513,Company_513,Healthcare,2058.8,2196.4371483687187,6.685309324301461
846,Company_846,Energy,1608.2,1714.8080655624287,6.629030317275755
779,Company_779,Retail,2834.1,3020.2553234489674,6.568410551814244
590,Company_590,Manufacturing,2649.3,2823.215099070666,6.564567964015616
226,Company_226,Healthcare,2743.9,2923.4287296736215,6.542830630621431
662,Company_662,Finance,21719.8,23139.77669287018,6.5377061154807095
678,Company_678,Retail,4851.3,5166.9750869791815,6.507020530150295
894,Company_894,Healthcare,15518.0,16526.58553762172,6.499455713505083
586,Company_586,Transportation,988.1,1052.3137514054665,6.498709787012093
379,Company_379,Manufacturing,3822.5,4070.035458643087,6.47574777352746
935,Company_935,Consumer Goods,1832.8,1951.3713217689153,6.469408651730432
486,Company_486,Healthcare,1983.6,2111.7108092554663,6.458500164119096
912,Company_912,Finance,1765.3,1879.0616976597705,6.444326610761375
689,Company_689,Finance,1822.3,1939.4508938322135,6.428738069045359
454,Company_454,Manufacturing,2136.6,2273.4475687132212,6.404922246242692
995,Company_995,Healthcare,2805.6,2984.580388828817,6.379397947990341
392,Company_392,Consumer Goods,2418.7,2572.8800467857827,6.374500631983418
122,Company_122,Energy,9315.1,9908.432140440871,6.369573492940179
434,Company_434,Transportation,1054.4,1121.4182894385185,6.356059317006678
672,Company_672,Finance,14134.9,15027.435786031854,6.314411747036446
499,Company_499,Transportation,1267.1,1347.038229353688,6.30875458556452
775,Company_775,Manufacturing,514.8,547.0855846326799,6.271481086379168
763,Company_763,Technology,2831.6,3009.099761807395,6.26853234239989
350,Company_350,Utilities,2727.1,2896.496818058335,6.211610064109683
471,Company_471,Utilities,2247.5,2386.8964563292725,6.202289491847497
936,Company_936,Energy,3197.2,3395.197926281302,6.192853943491248
160,Company_160,Utilities,1715.1,1821.3028933529074,6.19222747087094
622,Company_622,Transportation,1726.2,1832.2773411599035,6.1451362043739675
999,Company_999,Finance,5700.3,6048.29723438547,6.104893328166407
31,Company_31,Transportation,836.2,886.6352353617427,6.031479952372959
767,Company_767,Finance,22188.9,23523.88322879694,6.016446190649109
264,Company_264,Consumer Goods,3492.0,3700.663151085246,5.975462516759628
201,Company_201,Utilities,2181.4,2311.603606747895,5.968809331066966
308,Company_308,Finance,2711.8,2873.312478712851,5.955914105496374
187,Company_187,Utilities,3806.3,4031.8658336243657,5.9261181100902585
165,Company_165,Manufacturing,3270.8,3464.371054424686,5.918156243875682
566,Company_566,Healthcare,2584.5,2736.896165307838,5.896543443909389
136,Company_136,Manufacturing,1033.5,1094.3041084294657,5.883319635168429
798,Company_798,Transportation,237.4,251.3598858454602,5.880322597076751
202,Company_202,Utilities,1757.2,1860.279317365041,5.866111846405695
217,Company_217,Manufacturing,3197.6,3385.1549194863237,5.8654903517114025
777,Company_777,Utilities,2069.6,2190.4528259332837,5.839429161832424
45,Company_45,Retail,662.3,700.9129996213021,5.830137342790601
701,Company_701,Transportation,170.0,179.84176497266333,5.789273513331369
220,Company_220,Transportation,178.5,188.78213722923806,5.760300968760818
18,Company_18,Energy,14675.7,15518.66561767216,5.743955093604803
534,Company_534,Manufacturing,1742.5,1842.4875359126754,5.738165619091846
36,Company_36,Healthcare,2872.1,3036.8714177192874,5.736966600023936
702,Company_702,Manufacturing,2702.9,2857.236270534667,5.7100251779446785
991,Company_991,Transportation,1217.1,1286.508882720449,5.702808538365716
860,Company_860,Consumer Goods,2666.6,2818.5181370631153,5.697072566680995
801,Company_801,Finance,11988.7,12670.691123899218,5.688616146030989
849,Company_849,Technology,11225.3,11862.483646760817,5.676317307874331
145,Company_145,Energy,9456.7,9991.760456453303,5.658003917363375
482,Company_482,Energy,6124.6,6470.808650277977,5.652755286516289
76,Company_76,Technology,22155.4,23407.36711850797,5.650844121559384
196,Company_196,Healthcare,9441.1,9973.062991195382,5.634544610218954
955,Company_955,Transportation,1216.6,1285.0026919649601,5.622447144908782
756,Company_756,Technology,18906.3,19968.437504632602,5.617902522612055
830,Company_830,Manufacturing,3772.6,3984.4691692851957,5.615998761734501
517,Company_517,Finance,3351.7,3539.3640124193394,5.599069499637185
625,Company_625,Energy,5455.1,5760.339798636807,5.5954940997746485
736,Company_736,Finance,1565.1,1652.4717206127843,5.582500837824064
556,Company_556,Transportation,3052.8,3223.188928158679,5.581398328048969
279,Company_279,Consumer Goods,2146.8,2266.220284159231,5.562711205479362
859,Company_859,Consumer Goods,2758.1,2911.0997837902487,5.547289213235517
939,Company_939,Consumer Goods,701.8,740.6699900745111,5.53861357573542
571,Company_571,Retail,3435.3,3623.754091890819,5.485811774541342
299,Company_299,Consumer Goods,3325.9,3507.596429853514,5.463075554091044
444,Company_444,Finance,7387.7,7790.655748891334,5.454414078689365
592,Company_592,Utilities,1880.2,1982.6075121835747,5.446628666289474
7,Company_7,Healthcare,6444.2,6793.240100866171,5.416344943766039
81,Company_81,Healthcare,5215.9,5497.427028562642,5.397477493100751
683,Company_683,Manufacturing,1616.0,1703.0501298149247,5.386765458844352
324,Company_324,Energy,3693.2,3891.7366157007637,5.375734206129206
969,Company_969,Technology,6717.9,7078.345374437349,5.365447155172741
395,Company_395,Consumer Goods,2617.7,2757.925792938755,5.356832063978117
688,Company_688,Technology,3467.4,3652.7248782870265,5.344779324191799
892,Company_892,Transportation,718.2,756.4326429749659,5.323397796570017
296,Company_296,Utilities,593.9,625.4667713767502,5.315166084652339
405,Company_405,Finance,3483.4,3667.9984514685643,5.299375652195104
82,Company_82,Technology,6096.2,6418.949631717246,5.294275642486243
615,Company_615,Transportation,1136.3,1196.3697979719445,5.2864382620737995
822,Company_822,Finance,1073.9,1130.625068439237,5.282155548862745
988,Company_988,Consumer Goods,17491.0,18411.745061188733,5.264107604989609
58,Company_58,Transportation,742.1,780.8772131431766,5.225335284082549
466,Company_466,Consumer Goods,2475.3,2604.299672497284,5.211476285593014
827,Company_827,Retail,3143.5,3307.1271830157716,5.205254748394197
891,Company_891,Manufacturing,30093.5,31651.73578525042,5.177981242628545
789,Company_789,Utilities,1933.8,2033.818435223924,5.1721188966761895
255,Company_255,Consumer Goods,3439.4,3617.278008241696,5.171774386279469
533,Company_533,Technology,18913.3,19889.717220157247,5.162595740337474
709,Company_709,Finance,8986.6,9450.43002289535,5.161351600108499
223,Company_223,Transportation,216.4,227.55424675604073,5.1544578355086506
193,Company_193,Manufacturing,3522.6,3703.35548896728,5.131308947007328
914,Company_914,Utilities,1812.5,1905.0016429998263,5.10353892412835
747,Company_747,Manufacturing,1771.6,1861.9111394217318,5.09771615611492
614,Company_614,Finance,7904.7,8307.21572593363,5.092106290354233
211,Company_211,Consumer Goods,1526.2,1603.6729348846388,5.076198066088244
674,Company_674,Finance,1203.1,1264.1228939871194,5.072138142059634
400,Company_400,Manufacturing,556.7,584.9122958794047,5.067773644584996
794,Company_794,Technology,13767.0,14463.42319691591,5.0586416569761745
951,Company_951,Transportation,434.5,456.3364998887591,5.025661654490007
733,Company_733,Utilities,1296.2,1361.3089535886447,5.023063847295531
990,Company_990,Consumer Goods,3723.8,3910.230686988867,5.0064634778684916
762,Company_762,Technology,14771.9,15509.708409564122,4.994675089623694
448,Company_448,Finance,13779.0,14462.931994509245,4.963582223015058
938,Company_938,Consumer Goods,2144.8,2250.4733548735926,4.9269561205516785
307,Company_307,Finance,10552.8,11072.69719098164,4.926627918482687
496,Company_496,Manufacturing,2784.7,2920.783462794838,4.886826688506424
588,Company_588,Energy,15231.5,15971.501618410926,4.858363381222639
346,Company_346,Transportation,1015.1,1064.400206630905,4.856684723761687
971,Company_971,Healthcare,2317.6,2430.0498923185887,4.851997424861444
840,Company_840,Utilities,1721.6,1805.0995547114123,4.85011354039338
478,Company_478,Finance,11483.5,12037.631570159214,4.825458877164748
565,Company_565,Utilities,1772.0,1857.2935597933886,4.813406308881973
65,Company_65,Transportation,814.4,853.5600931940517,4.808459380409097
854,Company_854,Manufacturing,2343.5,2455.5988646728374,4.783395121520692
605,Company_605,Energy,12648.6,13252.263264842799,4.772569808854723
526,Company_526,Utilities,208.3,218.22433004957938,4.764440734315587
186,Company_186,Manufacturing,2602.3,2726.117129096526,4.757988283308058
987,Company_987,Consumer Goods,1724.9,1806.5862760099697,4.735710824393853
884,Company_884,Consumer Goods,4360.4,4565.92897585041,4.7135349016239445
944,Company_944,Finance,2252.2,2358.258072078133,4.709087651102617
712,Company_712,Healthcare,4173.7,4369.828435592234,4.699150288526592
870,Company_870,Finance,10588.4,11085.544752924343,4.695182963661585
43,Company_43,Transportation,423.4,443.229872694472,4.683484339743043
369,Company_369,Utilities,1529.3,1600.8660957818997,4.679663622696644
728,Company_728,Retail,3793.2,3968.767619940321,4.628483073402959
607,Company_607,Healthcare,61413.6,64240.87802811729,4.603667637326731
755,Company_755,Finance,7730.0,8084.147206934117,4.581464514024801
913,Company_913,Transportation,1184.3,1238.5017072517446,4.576687262665259
597,Company_597,Consumer Goods,1704.7,1782.4385499782002,4.5602481362233895
509,Company_509,Technology,24246.4,25340.798980288615,4.513655554179645
371,Company_371,Retail,1164.2,1216.271391569262,4.472718739843842
948,Company_948,Retail,1573.8,1643.2802946911027,4.414810947458553
376,Company_376,Technology,1559.1,1627.6484672606548,4.396669056548964
720,Company_720,Energy,14775.2,15422.95814388223,4.384090529280341
831,Company_831,Manufacturing,2463.0,2570.379012105395,4.359683804522731
861,Company_861,Consumer Goods,1893.4,1975.604772111407,4.341648468966251
483,Company_483,Transportation,1216.0,1268.3961627186582,4.308894960415968
947,Company_947,Retail,3861.6,4027.7210445429623,4.301870844804289
538,Company_538,Transportation,1222.7,1274.8686367804994,4.266675127218398
50,Company_50,Consumer Goods,2316.1,2414.4349336028454,4.245711912389166
352,Company_352,Finance,2484.9,2589.79750766025,4.221397547597492
436,Company_436,Finance,2579.4,2688.012717668338,4.210774508348377
70,Company_70,Retail,2379.3,2479.3701557721297,4.205865413026079
410,Company_410,Manufacturing,3396.4,3539.112048952101,4.201862235075396
383,Company_383,Energy,6635.9,6913.485660448721,4.1830898664645595
843,Company_843,Retail,2430.5,2532.089668172576,4.179784742751524
616,Company_616,Retail,1738.0,1810.5454396806756,4.174075930993993
154,Company_154,Manufacturing,3573.5,3722.1587397077524,4.1600318933189415
609,Company_609,Manufacturing,6094.2,6347.134284077334,4.150409964840902
225,Company_225,Retail,1543.7,1607.7607329613447,4.149817513852735
298,Company_298,Utilities,1753.1,1825.8495935924502,4.149768615164583
834,Company_834,Technology,19224.2,20014.634639011252,4.111664667508928
626,Company_626,Healthcare,10774.6,11217.106316595435,4.10693962277425
704,Company_704,Utilities,709.7,738.8403609709482,4.106011127370453
885,Company_885,Consumer Goods,2065.6,2149.7875484323476,4.075694637507152
197,Company_197,Energy,4374.2,4552.040478127922,4.065668650905819
161,Company_161,Technology,4883.4,5080.9542928786805,4.045425172598616
322,Company_322,Consumer Goods,2321.6,2414.4252255221677,3.998329838136104
660,Company_660,Consumer Goods,3396.3,3532.0396172046435,3.9966910227201162
172,Company_172,Energy,7392.3,7686.018517281204,3.9733035358576383
984,Company_984,Utilities,326.1,338.9907143785287,3.9529942896438777
169,Company_169,Consumer Goods,1570.1,1632.0972543833836,3.9486182016039573
57,Company_57,Utilities,1102.7,1146.160448898747,3.9412758591409283
697,Company_697,Healthcare,2102.3,2183.9591878261053,3.8842785437903795
636,Company_636,Consumer Goods,1138.3,1182.3047486910032,3.8658305096198906
402,Company_402,Technology,1996.2,2073.2241346518135,3.858537954704613
4,Company_4,Technology,7675.6,7969.085119395501,3.8236114361808973
489,Company_489,Consumer Goods,1551.2,1610.367773569476,3.814322690141562
177,Company_177,Manufacturing,2639.9,2740.2990503017445,3.803138387883799
727,Company_727,Retail,2543.6,2640.307154583086,3.8019796580864083
627,Company_627,Transportation,823.6,854.8340205740258,3.7923774373513535
765,Company_765,Transportation,1440.4,1494.8224620973715,3.778288121172688
510,Company_510,Utilities,1478.6,1534.079894091064,3.752190862374146
790,Company_790,Finance,9388.8,9739.394751326132,3.734180633586109
461,Company_461,Technology,1658.9,1720.7054095516382,3.725686271121716
420,Company_420,Manufacturing,2800.7,2904.8104649715883,3.717301566450834
248,Company_248,Energy,12545.4,13011.59963317913,3.716100189544619
880,Company_880,Retail,7401.1,7673.419970670365,3.6794526579881968
386,Company_386,Utilities,2271.1,2354.219562788327,3.6598812376525536
479,Company_479,Transportation,997.1,1033.1830795651572,3.6188024837185
343,Company_343,Finance,13978.9,14483.595180107919,3.610406971277565
409,Company_409,Healthcare,51738.7,53604.409142970166,3.606022460885505
365,Company_365,Retail,2817.8,2918.9462937877956,3.58954836353877
450,Company_450,Utilities,3580.7,3709.0254917067205,3.5838101965180176
958,Company_958,Healthcare,2012.2,2084.005144441869,3.568489436530616
644,Company_644,Transportation,1680.7,1740.6209915714617,3.565240172039128
967,Company_967,Technology,31905.9,33041.09799823845,3.557956359916037
495,Company_495,Consumer Goods,1358.9,1407.0845819207225,3.5458519332344096
304,Company_304,Technology,19897.3,20599.45871875575,3.5289145700962066
746,Company_746,Transportation,1698.2,1757.6709166882927,3.501997214008516
80,Company_80,Utilities,1519.0,1572.0978873402444,3.4955817867178647
13,Company_13,Consumer Goods,1671.6,1729.4772684156803,3.462387438123978
833,Company_833,Consumer Goods,1305.6,1350.691877692976,3.4537283772193734
358,Company_358,Utilities,1570.5,1624.719774983171,3.452389365372236
933,Company_933,Consumer Goods,3858.1,3991.2900064507066,3.4522175799151587
10,Company_10,Technology,104787.3,108403.55512396096,3.4510433267781115
635,Company_635,Transportation,870.1,900.0652531821952,3.443886125984964
968,Company_968,Healthcare,3253.1,3364.967597515623,3.438799837558727
133,Company_133,Consumer Goods,840.5,869.3104965283513,3.4277806696432287
302,Company_302,Energy,2102.7,2174.71918977367,3.425081551037733
182,Company_182,Manufacturing,3164.3,3272.360601210602,3.4149922956294225
389,Company_389,Energy,6861.1,7095.198862987076,3.4119727592816798
289,Company_289,Healthcare,2441.1,2523.71687047244,3.3844115551366203
800,Company_800,Transportation,3081.5,3184.3544028587844,3.337803110783203
601,Company_601,Retail,706.0,729.455096785899,3.3222516693907855
272,Company_272,Energy,4521.2,4670.111946628166,3.2936376764612563
317,Company_317,Technology,3696.6,3817.4110165193088,3.268165788002728
151,Company_151,Healthcare,14651.3,15129.984586928576,3.2671816625731314
1000,Company_1000,Consumer Goods,3173.5,3276.2586543211714,3.2380228240482567
823,Company_823,Retail,1722.7,1778.0393588486627,3.21236192306627
918,Company_918,Utilities,1848.8,1908.0795400598206,3.2063792762776204
788,Company_788,Finance,2848.3,2939.587996049958,3.204999334689381
744,Company_744,Transportation,4228.7,4363.973204689775,3.198931224484485
541,Company_541,Technology,3035.3,3132.1644374751695,3.1912640422748764
243,Company_243,Transportation,766.7,791.1535929309781,3.189460405762105
327,Company_327,Retail,669.4,690.740538411648,3.188009921070814
207,Company_207,Consumer Goods,2020.3,2083.8818367566114,3.147148282760552
459,Company_459,Transportation,1232.1,1270.6498974984472,3.1287961608998707
707,Company_707,Utilities,2038.2,2101.8357858805775,3.1221561122842454
89,Company_89,Utilities,1668.6,1720.0921775374472,3.085950949145831
3,Company_3,Transportation,479.8,494.56438137185125,3.0771949503649942
363,Company_363,Manufacturing,1489.9,1535.7065624890938,3.0744722792867787
199,Company_199,Retail,743.0,765.808186212191,3.0697424242518174
338,Company_338,Energy,7936.2,8178.674750567063,3.0553004028006225
332,Company_332,Utilities,1357.3,1398.7581427463244,3.0544568441998443
173,Company_173,Transportation,1023.4,1054.5912015693164,3.0478015995032615
251,Company_251,Transportation,1020.4,1051.3232995886563,3.030507603749145
647,Company_647,Energy,5405.8,5567.50228699393,2.9912739463896205
380,Company_380,Retail,741.5,763.6592397938435,2.9884342270861146
237,Company_237,Finance,2768.8,2851.5347202851235,2.9881074936840264
836,Company_836,Retail,247.2,254.54229699561492,2.9701848687762666
349,Company_349,Utilities,1520.2,1565.2795201273223,2.965367723149731
540,Company_540,Utilities,1932.6,1989.6298476873799,2.9509390296688385
159,Company_159,Consumer Goods,1508.5,1552.197653814359,2.8967619366495856
252,Company_252,Consumer Goods,1828.9,1881.539098986862,2.8781835522369663
63,Company_63,Consumer Goods,1282.8,1319.6267050277502,2.8708064412028547
923,Company_923,Transportation,1212.3,1246.926327654284,2.856250734495098
359,Company_359,Consumer Goods,1422.8,1463.3314176899842,2.84870801869442
855,Company_855,Healthcare,1401.9,1441.656565208341,2.8359059282645562
475,Company_475,Technology,15423.2,15858.854164804063,2.8246678043730356
608,Company_608,Finance,9153.0,9411.502326948757,2.8242360641184026
447,Company_447,Utilities,1692.8,1739.6692244222363,2.7687396279676486
905,Company_905,Manufacturing,558.7,573.9966769008329,2.7379052981623113
901,Company_901,Consumer Goods,964.6,990.9234872844098,2.728953689032738
265,Company_265,Manufacturing,481.0,494.10782768076723,2.725120099951607
698,Company_698,Retail,2719.7,2792.9051932474063,2.69166427353776
137,Company_137,Manufacturing,879.9,903.465661165803,2.67822038479407
174,Company_174,Transportation,223.6,229.48402585734095,2.6314963583814666
943,Company_943,Transportation,1326.1,1360.9694606188812,2.629474445281747
960,Company_960,Energy,14943.0,15324.557237531082,2.5534179049125485
911,Company_911,Manufacturing,438.0,449.16584771639424,2.54928030054663
553,Company_553,Retail,3308.7,3392.964512597467,2.5467559040549848
274,Company_274,Transportation,1122.8,1151.1543745257613,2.5253272644960267
419,Company_419,Healthcare,2997.5,3072.541522810958,2.503470318964411
468,Company_468,Utilities,1076.9,1103.8150734036326,2.4993103727024333
146,Company_146,Consumer Goods,1017.1,1042.4496250360792,2.49234343093886
1,Company_1,Retail,734.5,752.5684456817048,2.4599653753171977
922,Company_922,Healthcare,991.3,1015.4720154390358,2.438415761024495
278,Company_278,Utilities,1968.6,2016.0247111874394,2.40905776630293
781,Company_781,Technology,8059.4,8252.326023207415,2.3938013153263977
437,Company_437,Technology,1331.4,1363.2608789766157,2.393035825192699
657,Company_657,Manufacturing,492.6,504.20149143612036,2.3551545749330773
981,Company_981,Utilities,1803.6,1845.7700003823516,2.3381015958278804
940,Company_940,Healthcare,988.5,1011.2679996453409,2.3032877739343314
832,Company_832,Consumer Goods,1234.0,1262.250113941545,2.2893123129290838
490,Company_490,Retail,3460.4,3539.4992743171465,2.285841934953948
153,Company_153,Consumer Goods,1132.2,1158.0704163037826,2.284968760270498
844,Company_844,Utilities,1910.2,1953.6831115315238,2.2763643352279197
874,Company_874,Manufacturing,1503.4,1537.4618475299228,2.2656543521300194
551,Company_551,Retail,1774.5,1814.6755768902765,2.2640505432672016
531,Company_531,Consumer Goods,1214.3,1241.5910183776107,2.2474691902833506
61,Company_61,Consumer Goods,3061.3,3129.97023972552,2.2431724994453295
661,Company_661,Retail,1973.9,2017.7826568768855,2.2231448845881476
247,Company_247,Consumer Goods,806.5,824.3894988486817,2.2181647673504874
374,Company_374,Healthcare,10380.2,10595.817763102863,2.077202395935167
679,Company_679,Retail,1150.2,1174.019879860109,2.070933738489744
112,Company_112,Retail,593.1,605.1356198943427,2.029273291914117
22,Company_22,Manufacturing,1009.7,1029.9753071895302,2.00805260864912
650,Company_650,Healthcare,2996.5,3053.709806940233,1.9092209891617953
549,Company_549,Utilities,1886.3,1921.6143199388323,1.8721475872783937
916,Company_916,Manufacturing,1468.4,1495.5536391229787,1.8491990685765851
648,Company_648,Utilities,332.1,338.16421205376525,1.8260198897215392
340,Company_340,Consumer Goods,787.9,802.2517813506441,1.8215232073415613
336,Company_336,Retail,2451.7,2496.2625183082223,1.8176170945965038
669,Company_669,Retail,431.5,439.23872150814833,1.793446467705291
33,Company_33,Finance,1244.4,1266.5823126340415,1.7825709284829163
119,Company_119,Consumer Goods,1091.5,1110.9324175033962,1.7803405866602113
619,Company_619,Healthcare,977.3,994.3687524823152,1.746521281317435
711,Company_711,Consumer Goods,4091.6,4162.695645835819,1.7376001035247617
637,Company_637,Utilities,1192.4,1213.1021389774492,1.7361740168944202
909,Company_909,Finance,3392.0,3450.578403860953,1.7269576609950803
915,Company_915,Manufacturing,1111.7,1130.0040236081309,1.6464894853045622
281,Company_281,Healthcare,1384.6,1407.1172985134301,1.6262674067189227
877,Company_877,Retail,1786.5,1815.509657140853,1.623826316308595
824,Company_824,Transportation,797.5,810.3780369962639,1.614800877274465
631,Company_631,Manufacturing,1157.2,1175.5529753001917,1.5859812737808245
604,Company_604,Retail,972.5,987.8518395138632,1.578595322762281
807,Company_807,Transportation,1169.9,1188.2498514367117,1.5684974302685322
528,Company_528,Utilities,684.7,695.3226118117383,1.5514257064025467
345,Company_345,Consumer Goods,703.4,714.2320289055589,1.5399529294226473
537,Company_537,Retail,1024.1,1039.8600697056843,1.5389190221349844
294,Company_294,Healthcare,874.4,887.6717202952062,1.5178088169266069
191,Company_191,Manufacturing,1004.8,1019.8303069004504,1.4958506071308175
942,Company_942,Transportation,564.1,572.4975084722453,1.4886559957889114
501,Company_501,Retail,789.9,801.5615580203169,1.4763334625037188
721,Company_721,Manufacturing,771.4,782.7285424875462,1.4685691583544467
867,Company_867,Retail,547.8,555.6740884542472,1.437402054444555
467,Company_467,Manufacturing,1357.5,1376.4451119457385,1.3955883569604801
105,Company_105,Finance,38918.8,39461.00490527328,1.393169638512175
771,Company_771,Transportation,284.6,288.4947094359087,1.3684853956109206
821,Company_821,Manufacturing,1389.8,1408.6658943497896,1.357453903424208
171,Company_171,Utilities,899.6,911.8043446155789,1.3566412422831102
11,Company_11,Energy,170.6,172.8907848135451,1.342781250612612
328,Company_328,Retail,2343.4,2374.6029156144086,1.33152324035199
718,Company_718,Healthcare,1532.1,1552.261834698058,1.3159607530877946
208,Company_208,Manufacturing,22083.6,22372.43370862629,1.307910434106264
92,Company_92,Healthcare,2801.1,2837.7175477004116,1.3072559958734677
465,Company_465,Retail,1217.1,1232.7796199856678,1.2882770508313075
681,Company_681,Consumer Goods,3100.3,3139.033188848638,1.2493368012333592
494,Company_494,Consumer Goods,1428.2,1445.5686869709868,1.2161242802819492
360,Company_360,Retail,857.4,867.7792730496551,1.2105520235193754
641,Company_641,Manufacturing,1163.4,1177.0948808865116,1.177142933342922
283,Company_283,Retail,953.5,964.6212343200982,1.166359131630646
51,Company_51,Transportation,299.0,302.48579843200633,1.1658188735807136
826,Company_826,Transportation,715.1,723.4013511192956,1.1608657697238893
72,Company_72,Utilities,705.0,713.0979889242475,1.1486509112407786
675,Company_675,Transportation,2790.4,2821.591598100632,1.117818165877001
116,Company_116,Retail,386.8,391.02437519932283,1.0921342294009362
297,Company_297,Retail,797.5,805.9624944049106,1.0611278250671545
667,Company_667,Consumer Goods,1665.2,1682.8594572100044,1.0605006731926703
396,Company_396,Finance,19407.2,19600.992820346597,0.998561463511461
263,Company_263,Utilities,1563.4,1578.37827454521,0.9580577296411565
106,Company_106,Manufacturing,3263.0,3293.949373473395,0.9484944368187281
331,Company_331,Consumer Goods,417.1,420.9847562500407,0.9313728722226451
898,Company_898,Utilities,936.3,944.7843266223771,0.9061547177589582
164,Company_164,Retail,698.8,704.3688930660187,0.7969223048109252
329,Company_329,Finance,26371.5,26573.60048394286,0.7663594560144876
418,Company_418,Manufacturing,823.4,829.5220143873231,0.7435042977074489
954,Company_954,Utilities,1102.1,1110.2247719857785,0.7372082375264114
60,Company_60,Manufacturing,1335.2,1344.5544984438766,0.70060653414294
772,Company_772,Transportation,1055.4,1062.4607622390165,0.6690129087565295
86,Company_86,Finance,3293.6,3315.575386432546,0.6672147933126731
227,Company_227,Transportation,1350.3,1359.2500443438005,0.6628189545879084
66,Company_66,Consumer Goods,1995.3,2008.253230412194,0.6491871103189489
713,Company_713,Energy,1794.8,1806.1300238565325,0.6312694370700097
427,Company_427,Manufacturing,1094.7,1101.5953771097668,0.629887376428861
249,Company_249,Healthcare,1214.3,1221.6659936093624,0.6066041018992404
132,Company_132,Consumer Goods,749.5,753.9184966455035,0.5895259033360272
421,Company_421,Retail,1338.1,1345.522704161117,0.5547196891949072
292,Company_292,Utilities,1296.9,1304.0503875440554,0.5513445557911419
109,Company_109,Energy,4129.6,4152.167622935275,0.546484476348189
464,Company_464,Energy,37009.3,37208.25978548956,0.5375940249871103
695,Company_695,Manufacturing,834.7,838.720125003217,0.4816251351643709
530,Company_530,Manufacturing,1168.9,1174.4069871964743,0.4711256049682826
20,Company_20,Technology,8581.5,8621.78363303269,0.4694241453439373
926,Company_926,Retail,361.5,363.142990402682,0.454492504199728
163,Company_163,Energy,1893.8,1902.1422801110818,0.4405048110192149
514,Company_514,Energy,1992.8,2001.4110385233341,0.4321075132142801
356,Company_356,Consumer Goods,1345.2,1350.9985249187014,0.43105299722727713
729,Company_729,Consumer Goods,9345.4,9383.330543843329,0.4058739470041877
741,Company_741,Retail,1051.2,1055.1470841165153,0.37548364883136137
481,Company_481,Transportation,687.4,689.9356748618565,0.36887908959215565
663,Company_663,Finance,24586.2,24665.984638269765,0.3245098399499085
523,Company_523,Consumer Goods,1642.3,1647.5617497247329,0.32038907171240993
267,Company_267,Retail,1940.9,1945.9053595826083,0.25788858687249255
983,Company_983,Retail,624.9,626.4895863171929,0.2543745106725756
67,Company_67,Manufacturing,462.2,463.36785278693725,0.2526726064338512
239,Company_239,Manufacturing,801.6,803.368939358232,0.22067606764370418
778,Company_778,Finance,1223.4,1225.6277216450467,0.1820926634826374
300,Company_300,Manufacturing,1179.3,1181.411452016303,0.1790428233954905
117,Company_117,Retail,1302.8,1305.126519767541,0.17857842858005513
277,Company_277,Transportation,769.7,770.6782467065133,0.12709454417477356
630,Company_630,Consumer Goods,740.8,741.6263075790115,0.11154259975857733
784,Company_784,Manufacturing,910.6,911.4086190178522,0.08880068283023851
147,Company_147,Energy,5877.7,5882.161241118058,0.07590113680619702
623,Company_623,Consumer Goods,1161.1,1161.613055400868,0.04418701239067242
811,Company_811,Finance,34940.7,34948.984426680145,0.023709961964550195
286,Company_286,Transportation,1486.7,1486.7551157479118,0.003707254181187442
424,Company_424,Finance,25165.4,25156.919782727906,-0.033697923625674996
825,Company_825,Utilities,1241.9,1241.3346564879878,-0.045522466544190746
204,Company_204,Retail,1091.4,1090.782352312324,-0.05659223819644733
773,Company_773,Manufacturing,502.1,501.6872533416134,-0.08220407456414963
793,Company_793,Manufacturing,1317.7,1314.8154222333906,-0.21891005286555984
973,Company_973,Transportation,476.9,475.7347665633668,-0.24433496259869428
91,Company_91,Manufacturing,2792.0,2785.083322614776,-0.24773199803810603
791,Company_791,Retail,2005.8,2000.797941255961,-0.2493797359676441
504,Company_504,Retail,6532.5,6514.941176653416,-0.2687917848692564
102,Company_102,Retail,1463.2,1458.8697316030584,-0.29594507906927414
529,Company_529,Finance,20080.1,20010.303640011396,-0.34758970318176946
818,Company_818,Consumer Goods,622.6,620.2711396181846,-0.3740540285601331
254,Company_254,Retail,1274.3,1269.1180930317184,-0.40664733330310837
180,Company_180,Utilities,1366.7,1360.7728406805945,-0.4336840066880455
314,Company_314,Consumer Goods,765.6,762.191744099202,-0.4451744906998502
931,Company_931,Energy,2663.5,2650.759836984672,-0.4783241229708319
580,Company_580,Technology,3320.8,3303.746945805095,-0.5135224703356163
408,Company_408,Retail,1657.9,1649.1633120632298,-0.5269731550015258
366,Company_366,Manufacturing,827.4,822.8583565128034,-0.5489054250902287
212,Company_212,Consumer Goods,1114.5,1108.1451573656268,-0.5701967370455988
306,Company_306,Healthcare,1332.8,1325.1076119702946,-0.5771599662143906
23,Company_23,Healthcare,924.5,918.8233115501388,-0.614027955636692
651,Company_651,Energy,13587.0,13503.423834726993,-0.6151186080297864
550,Company_550,Consumer Goods,1010.2,1003.6939576197626,-0.6440350802056455
739,Company_739,Utilities,1066.0,1058.8754372858677,-0.6683454703688793
992,Company_992,Consumer Goods,1180.5,1172.4842246173932,-0.6790152801869345
959,Company_959,Manufacturing,1116.5,1108.8486216976482,-0.6853003405599425
480,Company_480,Retail,574.3,570.1965694875503,-0.714509927294041
407,Company_407,Healthcare,538.8,534.8536140413787,-0.7324398586899127
577,Company_577,Manufacturing,449.2,445.89780533877826,-0.7351279299246958
878,Company_878,Consumer Goods,1469.1,1458.219210520318,-0.740643215552507
139,Company_139,Retail,1162.0,1153.3661861510611,-0.743013240011951
618,Company_618,Utilities,1065.2,1057.2714089093183,-0.7443288669434586
506,Company_506,Retail,10284.8,10207.736656581388,-0.7492935537746103
183,Company_183,Retail,791.8,785.7022074355414,-0.7701177777795639
203,Company_203,Energy,3137.3,3112.302183078854,-0.7967939604483567
700,Company_700,Technology,18422.8,18275.93729372041,-0.7971790731028371
575,Company_575,Energy,881.1,873.7873159397179,-0.8299493882966854
628,Company_628,Energy,4072.9,4036.018533098065,-0.9055333276519251
393,Company_393,Transportation,1186.3,1175.4127669438615,-0.917747033308479
776,Company_776,Consumer Goods,1096.0,1085.7349885717804,-0.9365886339616445
866,Company_866,Utilities,1108.8,1098.2927085127603,-0.9476272986327225
162,Company_162,Technology,70943.6,70249.14672600695,-0.9788807926198533
184,Company_184,Utilities,1046.7,1036.177717283274,-1.0052816200177765
319,Company_319,Finance,12540.3,12413.9263760107,-1.0077400380317754
445,Company_445,Finance,10265.6,10157.137229016093,-1.0565653345533415
439,Company_439,Utilities,1183.7,1170.7414366999346,-1.094750637836057
401,Company_401,Energy,2644.6,2615.5230829305588,-1.0994826086909608
809,Company_809,Utilities,591.4,584.8008061861938,-1.1158596235722371
703,Company_703,Retail,835.0,825.573727534602,-1.128894906035692
725,Company_725,Finance,7860.0,7768.700675667339,-1.1615690118659154
284,Company_284,Retail,538.9,532.607260149465,-1.167700844411762
242,Company_242,Finance,419.9,414.956037307083,-1.1774143112448094
124,Company_124,Manufacturing,1321.9,1306.249644654746,-1.1839288407030928
213,Company_213,Technology,57751.7,57064.07265359723,-1.1906616539474493
871,Company_871,Finance,262.7,259.50072583484774,-1.2178432299780155
505,Company_505,Transportation,251.9,248.82654012103154,-1.2201111071728716
473,Company_473,Retail,810.8,800.8685238577766,-1.2248983895194063
367,Company_367,Utilities,1016.1,1003.6491316239435,-1.2253585647137604
415,Company_415,Energy,2136.9,2109.9643080891246,-1.2605031546106717
330,Company_330,Transportation,1523.1,1503.7311088473746,-1.2716756058450094
440,Company_440,Retail,692.9,683.9715360224435,-1.2885645803949308
140,Company_140,Manufacturing,959.4,946.4971396437176,-1.3448885090976046
634,Company_634,Healthcare,1595.4,1573.9051948286656,-1.3472988072793355
552,Company_552,Consumer Goods,861.5,849.8533392614784,-1.351904902904426
241,Company_241,Finance,8630.6,8513.104216505879,-1.3613860391412125
645,Company_645,Finance,18672.2,18411.957928961216,-1.393740807397013
749,Company_749,Retail,475.0,468.2124992270412,-1.4289475311492257
406,Company_406,Utilities,396.1,390.4369848455798,-1.4296932982631243
334,Company_334,Technology,17950.9,17686.893462039832,-1.470714771739407
375,Company_375,Transportation,329.2,324.2985273986044,-1.4889041924044948
897,Company_897,Utilities,709.4,698.5778320838955,-1.5255381894706077
234,Company_234,Utilities,629.2,619.5636827918049,-1.531518945994139
508,Company_508,Utilities,367.8,362.1139685125337,-1.5459574462931818
156,Company_156,Technology,8293.8,8165.133796960206,-1.5513540601388134
857,Company_857,Retail,3558.2,3502.9519574365577,-1.5526963791648065
759,Company_759,Energy,168988.9,166331.3823126367,-1.572598962040281
210,Company_210,Retail,1275.6,1255.5377495626728,-1.5727697112987666
972,Company_972,Finance,1596.4,1571.2561432577916,-1.57503487485646
920,Company_920,Finance,1191.7,1172.5486140129333,-1.607064360750756
318,Company_318,Transportation,637.8,627.2874424829614,-1.6482529816617348
261,Company_261,Utilities,781.4,768.218311209236,-1.6869322742211323
493,Company_493,Energy,1049.1,1031.3935631748884,-1.68777398008879
432,Company_432,Technology,681.0,669.5041874446017,-1.6880782019674432
925,Company_925,Utilities,950.9,934.64782105884,-1.7091364960731905
852,Company_852,Energy,140.6,138.13229409493078,-1.7551251102910452
497,Company_497,Utilities,1248.2,1226.232993520911,-1.7598947667913114
347,Company_347,Technology,91780.1,90121.70994684697,-1.806916807840739
233,Company_233,Transportation,1426.5,1400.5821212815017,-1.8168859949876122
276,Company_276,Transportation,975.9,958.0478971734896,-1.8292963240609097
232,Company_232,Manufacturing,1257.4,1234.2813777852316,-1.8386052341950447
642,Company_642,Retail,1619.5,1589.598856973574,-1.8463194212056868
238,Company_238,Retail,946.4,928.9130944715342,-1.8477288174625677
218,Company_218,Utilities,819.6,804.4509127859184,-1.8483512950319236
38,Company_38,Energy,1039.9,1019.943765704681,-1.919053206589005
287,Company_287,Transportation,271.6,266.1947214904024,-1.9901614541964732
335,Company_335,Utilities,352.5,345.4326375287661,-2.0049255237542916
49,Company_49,Retail,656.1,642.451976396982,-2.080174303157755
633,Company_633,Utilities,412.1,403.51985631551753,-2.082053793856465
888,Company_888,Utilities,835.3,817.5400998413079,-2.1261702572359704
886,Company_886,Retail,1128.8,1104.5363105886752,-2.149511818862932
719,Company_719,Retail,853.3,834.7247138095174,-2.176876384680948
259,Company_259,Healthcare,405.0,396.08006311017124,-2.2024535530441387
143,Company_143,Consumer Goods,1370.7,1340.3852321797665,-2.211626746934672
502,Company_502,Manufacturing,398.0,389.15410868753344,-2.2225857569011467
693,Company_693,Retail,709.8,693.9808661128773,-2.228674822079838
476,Company_476,Retail,1745.6,1706.5283407817665,-2.2382939515486617
111,Company_111,Finance,1068.0,1043.8966963749267,-2.2568636353064884
256,Company_256,Manufacturing,919.1,898.0095002974624,-2.2946904256922656
785,Company_785,Retail,728.5,710.9629961597888,-2.4072757502005824
55,Company_55,Finance,625.3,610.120385005615,-2.4275731639828733
527,Company_527,Retail,961.2,937.508767198976,-2.464755805349985
128,Company_128,Utilities,713.5,695.8993735280538,-2.4668011873785782
902,Company_902,Utilities,800.4,780.6299468533364,-2.4700216325166915
103,Company_103,Retail,1304.8,1272.5211549182447,-2.473853853598652
568,Company_568,Healthcare,1116.4,1088.6111304154158,-2.4891499090455294
194,Company_194,Manufacturing,1137.5,1109.1038128826297,-2.49636809823036
235,Company_235,Healthcare,647.8,631.3956828466705,-2.5323120026751207
525,Company_525,Utilities,713.5,694.9765450602157,-2.5961394449592574
443,Company_443,Consumer Goods,969.5,944.3055707009125,-2.5987033830930852
997,Company_997,Utilities,642.9,626.1171206972934,-2.6104960806823043
774,Company_774,Utilities,898.2,873.9028360033088,-2.7050950786786028
716,Company_716,Retail,389.9,379.2945036362396,-2.720055492116025
786,Company_786,Energy,938.1,912.018145731204,-2.7802850728915964
640,Company_640,Finance,21627.6,21022.63731806354,-2.797178983967062
555,Company_555,Energy,2171.5,2110.443229048022,-2.8117324868513838
757,Company_757,Transportation,551.5,535.8793197652824,-2.8323989546178803
388,Company_388,Manufacturing,729.1,708.3298801974332,-2.8487340286060614
95,Company_95,Retail,1350.4,1311.168615860759,-2.905167664339534
976,Company_976,Utilities,1217.3,1181.1968686160956,-2.965836801437968
25,Company_25,Utilities,522.7,507.1347646922924,-2.977852555520885
414,Company_414,Retail,361.2,350.1841879696776,-3.0497818467116184
929,Company_929,Manufacturing,1210.3,1173.1866043529417,-3.066462500789744
646,Company_646,Energy,134253.3,130116.6022147204,-3.081263391871621
88,Company_88,Manufacturing,1624.2,1573.4624877099786,-3.123846342200555
26,Company_26,Healthcare,13120.6,12710.359439943002,-3.1266905481227854
121,Company_121,Retail,763.9,740.0085889848891,-3.1275574047795343
130,Company_130,Manufacturing,1816.2,1759.1489204872432,-3.1412333175177194
313,Company_313,Utilities,649.9,629.371265327703,-3.158752834635635
168,Company_168,Healthcare,2673.6,2589.103620676765,-3.160397191922316
456,Company_456,Utilities,353.9,342.6970342771529,-3.1655738126157305
708,Company_708,Retail,639.8,619.4707050271842,-3.177445291155951
966,Company_966,Manufacturing,625.1,604.9850883689918,-3.2178710016010603
927,Company_927,Manufacturing,784.8,759.3753451522012,-3.23963491944428
21,Company_21,Energy,1100.4,1064.1239780842602,-3.2966214027389924
797,Company_797,Manufacturing,1185.3,1145.0677770136333,-3.3942649950532906
676,Company_676,Transportation,660.8,638.0070044116578,-3.449303206468241
748,Company_748,Healthcare,1035.8,997.9023974438542,-3.658776072228788
686,Company_686,Transportation,350.0,337.11909747179794,-3.6802578652005877
485,Company_485,Finance,1034.0,995.1687401936075,-3.755440987078578
924,Company_924,Retail,916.3,880.3128620279358,-3.927440573181725
738,Company_738,Consumer Goods,548.4,526.6775455696632,-3.9610602535260444
138,Company_138,Energy,4835.0,4638.311882952877,-4.068006557334505
42,Company_42,Energy,922.7,885.1322741583836,-4.071499495135634
740,Company_740,Manufacturing,607.4,582.5402542122404,-4.092812938386501
594,Company_594,Utilities,1557.2,1493.095111608344,-4.116676624175186
152,Company_152,Technology,22132.7,21214.442224239436,-4.148873728738767
932,Company_932,Manufacturing,324.8,310.82030320019635,-4.304093842304083
536,Company_536,Transportation,359.4,343.75509301165636,-4.35306260109728
787,Company_787,Utilities,882.6,844.0933263087672,-4.362868081943437
312,Company_312,Consumer Goods,390.5,373.40555050489746,-4.37757989631307
687,Company_687,Retail,9088.5,8680.859305179334,-4.485236230628441
29,Company_29,Transportation,638.4,609.6844940801273,-4.498042907248234
848,Company_848,Manufacturing,329.1,314.25648733826665,-4.510335053702027
869,Company_869,Healthcare,820.5,783.3824488211026,-4.523772233869279
598,Company_598,Utilities,1219.5,1163.7798756769835,-4.5690958854462105
743,Company_743,Finance,15533.8,14802.854629312205,-4.705515525420656
351,Company_351,Utilities,335.2,319.3238016090943,-4.736336035473061
881,Company_881,Utilities,1498.5,1425.7400057665513,-4.855521804033944
56,Company_56,Utilities,774.0,735.7414686148817,-4.942962711255597
724,Company_724,Retail,433.9,412.12439770079624,-5.01857623858118
441,Company_441,Finance,929.9,881.5586740812737,-5.198551018252101
355,Company_355,Technology,83356.1,79020.23089648958,-5.201621841125517
770,Company_770,Retail,1028.2,973.4120066270202,-5.328534659889109
562,Company_562,Transportation,466.3,441.16820871375734,-5.389618547339197
198,Company_198,Manufacturing,370.0,349.5811016670798,-5.518621171059515
491,Company_491,Transportation,617.0,582.9437430570139,-5.519652664989647
215,Company_215,Utilities,1104.4,1042.6247908690618,-5.593553887263515
429,Company_429,Finance,678.3,639.8789386197001,-5.664316877532047
753,Company_753,Healthcare,1327.0,1251.1495967975836,-5.715930912013291
59,Company_59,Utilities,657.1,619.053065474671,-5.790128523105919
573,Company_573,Energy,2385.7,2246.822004832974,-5.821268188247719
730,Company_730,Manufacturing,332.5,312.9271871995271,-5.886560240743726
53,Company_53,Utilities,656.7,617.2036569197625,-6.014366237283018
118,Company_118,Retail,1054.9,990.8199272391421,-6.0745163295912405
879,Company_879,Utilities,1162.9,1090.3457019901214,-6.239083155032996
385,Company_385,Transportation,238.8,223.8856887006866,-6.245523994687364
123,Company_123,Technology,137883.0,129263.81024683316,-6.251089512968848
422,Company_422,Energy,2179.4,2042.980695806293,-6.259489042567089
94,Company_94,Utilities,275.3,257.93489947807177,-6.30770087974146
206,Company_206,Manufacturing,904.7,845.8249945933724,-6.507682702180577
269,Company_269,Healthcare,428.5,400.1621256319896,-6.613272898018757
166,Company_166,Energy,896.5,835.6553936283108,-6.786905339842635
32,Company_32,Utilities,556.0,518.011358977165,-6.832489392596234
780,Company_780,Transportation,451.6,420.0368033807375,-6.989193228357506
654,Company_654,Energy,1441.7,1339.4687238073138,-7.091022833646821
170,Company_170,Energy,443.9,412.03619927204545,-7.178148395574348
516,Company_516,Utilities,252.9,234.74562136659253,-7.17848107291715
603,Company_603,Utilities,752.9,698.0051669583072,-7.291118746406267
315,Company_315,Utilities,685.6,635.5956390555898,-7.293518224097173
518,Company_518,Utilities,345.2,319.46935916188016,-7.453835700498211
806,Company_806,Finance,640.4,592.4580338426348,-7.486253303773452
570,Company_570,Energy,554.7,512.4128819742571,-7.6234213134564595
795,Company_795,Technology,48165.3,44464.451063828026,-7.683641410251729
805,Company_805,Healthcare,822.8,758.4858895429841,-7.816493735660658
107,Company_107,Finance,17816.2,16409.397818869526,-7.8961966139270725
77,Company_77,Utilities,422.1,388.567128043208,-7.944295654298035
507,Company_507,Manufacturing,1012.3,931.040355996477,-8.02722947777565
621,Company_621,Transportation,368.1,337.79467373023493,-8.232905805423822
93,Company_93,Retail,502.4,459.71387410275634,-8.496442256616968
532,Company_532,Retail,498.1,455.5055562736582,-8.551384004485406
390,Company_390,Energy,2226.6,2032.1118102928847,-8.734761057536838
16,Company_16,Energy,1249.8,1135.3036400887422,-9.161174580833553
101,Company_101,Energy,2230.7,2025.6962750914092,-9.190107361303205
900,Company_900,Utilities,574.9,521.8459417397604,-9.228397679638125
812,Company_812,Manufacturing,522.2,473.23831055158536,-9.376041640830081
842,Company_842,Healthcare,710.2,642.7086092988509,-9.503152731786702
547,Company_547,Energy,951.3,860.8736565895573,-9.505554862865832
364,Company_364,Utilities,648.9,586.57816791364,-9.60422747516721
841,Company_841,Energy,392.1,352.2875042791021,-10.153658689338922
114,Company_114,Energy,754.7,671.7081610936066,-10.996666080083935
546,Company_546,Energy,367.0,325.42097765607633,-11.329433881178112
761,Company_761,Technology,79180.5,69205.19658225185,-12.59818189800285
851,Company_851,Energy,536.2,464.20663690491904,-13.426587671592877
131,Company_131,Finance,36281.3,31316.998334587573,-13.68281088442925
596,Company_596,Technology,119460.4,101497.042721783,-15.037081140040545
303,Company_303,Energy,668.7,560.741782191293,-16.144491970795123
280,Company_280,Transportation,506.5,420.4355974630633,-16.991984706206654
868,Company_868,Technology,41357.3,33970.579334533235,-17.860742034578582
87,Company_87,Technology,58549.7,46151.427803279614,-21.175637444291574
19,Company_19,Technology,180810.4,132278.2235916462,-26.841473946384603
463,Company_463,Technology,144823.6,100664.02817823786,-30.491972179784334
