CompanyID,CompanyName,Industry,Region,Revenue_2025_Actual,Revenue_2026_Predicted,Growth_Percent
1,Company_1,Retail,Latin America,734.5,662.2941203552509,-9.830616697719412
2,Company_2,Retail,Asia,4371.5,3973.432212522108,-9.105977066862453
3,Company_3,Transportation,Latin America,479.8,375.36590671121394,-21.76617200683328
4,Company_4,Technology,Africa,7675.6,6210.013201328338,-19.094100769603184
5,Company_5,Finance,Middle East,3162.1,3353.944611731591,6.067000149634457
6,Company_6,Transportation,Oceania,3297.0,3262.5655361909103,-1.0444180712493092
7,Company_7,Healthcare,Oceania,6444.2,6472.332810032953,0.43656016313821544
8,Company_8,Healthcare,Europe,7117.1,7634.27789311101,7.266694202849607
9,Company_9,Technology,North America,6764.0,5619.621389588374,-16.918666623471708
10,Company_10,Technology,Latin America,104787.3,126023.2030537726,20.265722137866508
11,Company_11,Energy,Europe,170.6,26.298202910503278,-84.5848751990016
12,Company_12,Finance,Asia,3577.8,3386.7641348635134,-5.339478594009916
13,Company_13,Consumer Goods,Asia,1671.6,1215.2125478085236,-27.302431932966996
14,Company_14,Transportation,Middle East,1623.4,1477.5884276053457,-8.981863520676011
15,Company_15,Healthcare,Oceania,11489.1,8875.849969515893,-22.74547206033638
16,Company_16,Energy,Europe,1249.8,975.8652776329491,-21.91828471491846
17,Company_17,Utilities,Oceania,4630.8,4152.668225613519,-10.325036157607348
18,Company_18,Energy,Europe,14675.7,13467.428129653905,-8.233146428082447
19,Company_19,Technology,Latin America,180810.4,157312.87559325085,-12.995670827977342
20,Company_20,Technology,North America,8581.5,7671.883917848081,-10.599732938902509
21,Company_21,Energy,Asia,1100.4,1417.3324861567016,28.80157089755557
22,Company_22,Manufacturing,Latin America,1009.7,848.544197897676,-15.960760830179662
23,Company_23,Healthcare,Asia,924.5,1188.6454073840214,28.571704422284625
24,Company_24,Technology,Middle East,16884.5,16958.595689154525,0.438838515529182
25,Company_25,Utilities,Middle East,522.7,575.3713792089129,10.076789594205636
26,Company_26,Healthcare,Asia,13120.6,10304.18401338042,-21.465603605167296
27,Company_27,Healthcare,Europe,6291.5,4841.007337553465,-23.054798735540576
28,Company_28,Technology,Latin America,6674.2,5822.942416265019,-12.754451226139171
29,Company_29,Transportation,Oceania,638.4,646.5165897898914,1.2713956437799914
30,Company_30,Transportation,Middle East,1356.5,1183.5683200493477,-12.74837301516051
31,Company_31,Transportation,Middle East,836.2,928.7323404971248,11.065814457919728
32,Company_32,Utilities,North America,556.0,557.6162705242705,0.2906961374587187
33,Company_33,Finance,North America,1244.4,1229.6708971520557,-1.1836308942417575
34,Company_34,Energy,Middle East,21020.8,16028.456813193414,-23.74953944096602
35,Company_35,Healthcare,Middle East,2196.1,1863.518614218512,-15.144182222188782
36,Company_36,Healthcare,Europe,2872.1,3065.0791799976923,6.719096828024526
37,Company_37,Energy,Oceania,4183.6,5200.214744281147,24.299998668160125
38,Company_38,Energy,Africa,1039.9,789.6499315044703,-24.064820511157787
39,Company_39,Transportation,Latin America,2744.5,2333.301706277136,-14.982630487260487
40,Company_40,Transportation,Oceania,4126.1,4078.164885748063,-1.1617535748512442
41,Company_41,Energy,North America,6929.7,8830.859822976421,27.43495133954459
42,Company_42,Energy,North America,922.7,950.0617913167689,2.9654049329976004
43,Company_43,Transportation,Europe,423.4,392.44926803060025,-7.310045339962146
44,Company_44,Healthcare,Oceania,11371.6,12579.217058013044,10.619587903312144
45,Company_45,Retail,Africa,662.3,706.5110657162159,6.675383620144331
46,Company_46,Healthcare,Middle East,12120.4,12641.524216507041,4.2995628568945055
47,Company_47,Consumer Goods,Africa,296.1,222.70130108920694,-24.78848325254748
48,Company_48,Technology,Latin America,4740.9,4396.320746872789,-7.268224453736863
49,Company_49,Retail,Middle East,656.1,549.1011399954969,-16.308315806203804
50,Company_50,Consumer Goods,North America,2316.1,2060.1632900116438,-11.050330727876869
51,Company_51,Transportation,Middle East,299.0,214.57173848865932,-28.236876759645714
52,Company_52,Consumer Goods,Oceania,2495.3,2269.739161298283,-9.039427672092227
53,Company_53,Utilities,North America,656.7,755.0545592457738,14.977091403346087
54,Company_54,Healthcare,Oceania,13316.3,11534.857747395468,-13.377907170944864
55,Company_55,Finance,Latin America,625.3,375.831844705378,-39.89575488479481
56,Company_56,Utilities,North America,774.0,764.627282935151,-1.210945357215631
57,Company_57,Utilities,Middle East,1102.7,1161.2233941426603,5.307281594509859
58,Company_58,Transportation,Oceania,742.1,714.1289327636359,-3.769177635947189
59,Company_59,Utilities,Africa,657.1,646.5737122184373,-1.6019308752948866
60,Company_60,Manufacturing,Middle East,1335.2,1135.8643815818505,-14.9292704027973
61,Company_61,Consumer Goods,Oceania,3061.3,3015.550082322223,-1.4944604474496903
62,Company_62,Technology,Asia,10231.1,9075.607612904922,-11.293921348584988
63,Company_63,Consumer Goods,Europe,1282.8,1332.0921672860204,3.8425450020284115
64,Company_64,Consumer Goods,Asia,2299.3,1992.593319957883,-13.339132781373337
65,Company_65,Transportation,Europe,814.4,920.1386447099039,12.983625332748522
66,Company_66,Consumer Goods,Middle East,1995.3,2027.5431652337902,1.6159557577201549
67,Company_67,Manufacturing,Middle East,462.2,472.47699462841047,2.2234951597599477
68,Company_68,Manufacturing,Middle East,6162.4,6163.253382954172,0.013848223973971958
69,Company_69,Energy,North America,10995.3,10417.836893218446,-5.251908604417829
70,Company_70,Retail,Africa,2379.3,2409.5130556602326,1.2698295994717934
71,Company_71,Consumer Goods,Latin America,4797.4,3985.0257949707666,-16.93363499039549
72,Company_72,Utilities,Latin America,705.0,571.8787978481132,-18.882440021544227
73,Company_73,Transportation,Asia,2043.7,1896.547600522571,-7.200293559594318
74,Company_74,Energy,Europe,3541.1,2816.9981001840315,-20.448501872750512
75,Company_75,Technology,North America,5019.2,4449.6437385491845,-11.347550634579521
76,Company_76,Technology,North America,22155.4,17811.602830316835,-19.606042633774006
77,Company_77,Utilities,Africa,422.1,363.3013132528549,-13.930037135073464
78,Company_78,Technology,Latin America,6942.5,8597.301572123835,23.83581666725006
79,Company_79,Healthcare,North America,10727.6,10556.493774715433,-1.5950093710109223
80,Company_80,Utilities,Europe,1519.0,1508.7309267210767,-0.6760416905150306
81,Company_81,Healthcare,Europe,5215.9,6567.787356430572,25.918582726481954
82,Company_82,Technology,Middle East,6096.2,6147.667417567945,0.8442540856262202
83,Company_83,Healthcare,Oceania,3696.9,4065.806737155199,9.978812982639473
84,Company_84,Consumer Goods,Middle East,4337.2,3609.18598995323,-16.785345615760626
85,Company_85,Manufacturing,Asia,2382.0,2235.723092095227,-6.14092812362607
86,Company_86,Finance,Asia,3293.6,3300.3927253976326,0.20624014445083477
87,Company_87,Technology,Oceania,58549.7,56229.82053344714,-3.962239715238259
88,Company_88,Manufacturing,North America,1624.2,1472.5771340112315,-9.335233714368217
89,Company_89,Utilities,Europe,1668.6,1517.6562097436454,-9.046133900057205
90,Company_90,Energy,Africa,6572.5,7833.174519275752,19.181050122111092
91,Company_91,Manufacturing,Europe,2792.0,3274.2930066604513,17.274104823082066
92,Company_92,Healthcare,Asia,2801.1,2694.6618094733676,-3.7998711408601014
93,Company_93,Retail,Latin America,502.4,408.12146663643944,-18.765631640836094
94,Company_94,Utilities,North America,275.3,335.0212934729652,21.693168715207122
95,Company_95,Retail,North America,1350.4,1442.3026957862148,6.805590623979171
96,Company_96,Manufacturing,Middle East,2353.3,2178.0607986808973,-7.446530460166698
97,Company_97,Consumer Goods,Middle East,2594.3,2316.347885980047,-10.713954208069733
98,Company_98,Energy,North America,22508.4,20153.83125297874,-10.46084460477538
99,Company_99,Healthcare,Asia,10538.8,10143.042556996847,-3.7552419915279986
100,Company_100,Manufacturing,North America,1664.3,1586.7568681795428,-4.659203978877433
101,Company_101,Energy,Oceania,2230.7,2919.301508963834,30.869301518081055
102,Company_102,Retail,Africa,1463.2,1529.0168419073352,4.498143924776871
103,Company_103,Retail,Africa,1304.8,1070.2863345263586,-17.973150327532295
104,Company_104,Technology,Europe,9998.8,9392.584934947097,-6.06287819591253
105,Company_105,Finance,Africa,38918.8,41998.35466621099,7.912768806363466
106,Company_106,Manufacturing,Europe,3263.0,3087.205256637186,-5.387518950745148
107,Company_107,Finance,Asia,17816.2,15344.518966439966,-13.87322231205327
108,Company_108,Healthcare,North America,23168.0,21827.24813291763,-5.7870850616469705
109,Company_109,Energy,Africa,4129.6,5554.695465818308,34.50928578599155
110,Company_110,Healthcare,Middle East,4373.5,4102.908480435974,-6.187070299851981
111,Company_111,Finance,Africa,1068.0,797.7304263601163,-25.306139853921692
112,Company_112,Retail,Europe,593.1,668.2798525354974,12.675746507418207
113,Company_113,Manufacturing,Latin America,6715.5,5868.574968600597,-12.611496260880106
114,Company_114,Energy,North America,754.7,1022.5801164044206,35.494914059152045
115,Company_115,Consumer Goods,Europe,337.0,391.4007628473237,16.142659598612365
116,Company_116,Retail,Asia,386.8,335.446664944875,-13.27645683948423
117,Company_117,Retail,Asia,1302.8,1125.6919540359077,-13.59441556371602
118,Company_118,Retail,Asia,1054.9,952.7576379208367,-9.68265826895093
119,Company_119,Consumer Goods,Middle East,1091.5,1005.7079887848977,-7.860010189198563
120,Company_120,Consumer Goods,Asia,3631.9,3509.96602187835,-3.357305490835374
121,Company_121,Retail,Oceania,763.9,752.8689680619655,-1.444041358559303
122,Company_122,Energy,Europe,9315.1,8168.779889903897,-12.306041911478172
123,Company_123,Technology,Middle East,137883.0,106370.90009780902,-22.8542314151788
124,Company_124,Manufacturing,Africa,1321.9,1218.2373121385262,-7.841946278952555
125,Company_125,Finance,Middle East,5626.2,5847.299182345543,3.929813770316436
126,Company_126,Manufacturing,Oceania,4331.6,3730.380500571082,-13.879848079899308
127,Company_127,Consumer Goods,Asia,3575.1,3006.905466518505,-15.893108821613241
128,Company_128,Utilities,Africa,713.5,656.0506914313564,-8.051760135759435
129,Company_129,Healthcare,Africa,2423.2,2234.040720072284,-7.806176953108119
130,Company_130,Manufacturing,Asia,1816.2,2225.753223663759,22.550006808928472
131,Company_131,Finance,Latin America,36281.3,36477.56739641659,0.540960209299523
132,Company_132,Consumer Goods,Oceania,749.5,767.0881479916598,2.3466508327764846
133,Company_133,Consumer Goods,Europe,840.5,971.3217042952774,15.564747685339372
134,Company_134,Healthcare,Asia,9486.5,10168.085474344127,7.184793910758729
135,Company_135,Transportation,Asia,1673.3,1620.1299357074395,-3.1775571799773195
136,Company_136,Manufacturing,Latin America,1033.5,1104.2506697558056,6.845734857842823
137,Company_137,Manufacturing,Oceania,879.9,776.2330089024672,-11.7816787245747
138,Company_138,Energy,Latin America,4835.0,5792.207909430957,19.797474858964996
139,Company_139,Retail,Europe,1162.0,1264.308634890509,8.804529680766695
140,Company_140,Manufacturing,Europe,959.4,856.5299873811618,-10.72232776931813
141,Company_141,Energy,Africa,7528.4,6862.770198866567,-8.841583884137838
142,Company_142,Finance,North America,2921.6,2789.2263058014123,-4.53086302706009
143,Company_143,Consumer Goods,Oceania,1370.7,1286.2725362599422,-6.159441434307863
144,Company_144,Utilities,Oceania,1779.3,1545.7576556729528,-13.125518143486046
145,Company_145,Energy,Middle East,9456.7,6917.854718069508,-26.847053220790475
146,Company_146,Consumer Goods,Africa,1017.1,1180.21494744734,16.037257639105288
147,Company_147,Energy,Latin America,5877.7,6652.833678857782,13.18770401445773
148,Company_148,Healthcare,Middle East,19327.6,18017.693179696544,-6.777389951693201
149,Company_149,Technology,Africa,26430.6,23462.388772352137,-11.230207515712326
150,Company_150,Manufacturing,North America,2485.5,2745.912181736412,10.47725535048932
151,Company_151,Healthcare,Latin America,14651.3,12642.498116481634,-13.710741596434206
152,Company_152,Technology,Latin America,22132.7,27625.991276977027,24.819797299818937
153,Company_153,Consumer Goods,Oceania,1132.2,946.1186112467476,-16.43538144791136
154,Company_154,Manufacturing,Asia,3573.5,3928.5962502466573,9.936931586586184
155,Company_155,Finance,Latin America,8538.9,7492.07458696482,-12.259487908690577
156,Company_156,Technology,Asia,8293.8,8945.299162791995,7.855255284573963
157,Company_157,Consumer Goods,Europe,6055.5,6240.154470131933,3.0493678495901677
158,Company_158,Energy,Oceania,15874.9,15278.04536242853,-3.7597379358072835
159,Company_159,Consumer Goods,North America,1508.5,1490.611472089793,-1.185848717945436
160,Company_160,Utilities,Latin America,1715.1,1694.0575381701938,-1.2268941653434868
161,Company_161,Technology,Europe,4883.4,4995.071358355357,2.286754276843129
162,Company_162,Technology,North America,70943.6,64255.50127943646,-9.42734611799168
163,Company_163,Energy,Asia,1893.8,2007.8660300242009,6.023129687622818
164,Company_164,Retail,Oceania,698.8,607.0114386558289,-13.135169053258593
165,Company_165,Manufacturing,Latin America,3270.8,3349.8892437778195,2.4180397388351262
166,Company_166,Energy,Latin America,896.5,801.3433000167324,-10.614244281457621
167,Company_167,Energy,North America,20645.2,13735.699434454258,-33.467830612179796
168,Company_168,Healthcare,North America,2673.6,2733.398333060639,2.236622271867105
169,Company_169,Consumer Goods,Latin America,1570.1,1159.0080907484962,-26.182530364403778
170,Company_170,Energy,Europe,443.9,406.96903590749116,-8.319658502480022
171,Company_171,Utilities,Oceania,899.6,784.8735709092462,-12.753049031875708
172,Company_172,Energy,Asia,7392.3,7927.315717351059,7.237473010444094
173,Company_173,Transportation,Europe,1023.4,1148.484644316758,12.222458893566353
174,Company_174,Transportation,Africa,223.6,268.5496489261377,20.102705244247634
175,Company_175,Finance,Latin America,11141.7,9911.41349356231,-11.042179437946551
176,Company_176,Healthcare,Oceania,3654.2,3537.82049070844,-3.1848149880017456
177,Company_177,Manufacturing,North America,2639.9,2704.6545106413214,2.4529152862351338
178,Company_178,Transportation,Latin America,6860.0,5975.653046229509,-12.891355011231653
179,Company_179,Finance,Europe,2534.0,2028.0120849232017,-19.967952449755263
180,Company_180,Utilities,Latin America,1366.7,1306.2341341775527,-4.424223737648885
181,Company_181,Finance,Oceania,3865.3,3009.483403864693,-22.141013534145007
182,Company_182,Manufacturing,North America,3164.3,3442.9308409876467,8.80544957771534
183,Company_183,Retail,Europe,791.8,768.0584983496801,-2.998421526941126
184,Company_184,Utilities,Europe,1046.7,1026.377060951273,-1.9416202396796594
185,Company_185,Transportation,Latin America,793.8,725.2197465030958,-8.639487716919136
186,Company_186,Manufacturing,Middle East,2602.3,3808.242585584794,46.341412811159124
187,Company_187,Utilities,Africa,3806.3,3771.2764297598314,-0.9201473935362093
188,Company_188,Consumer Goods,Oceania,6856.4,5935.150978004258,-13.436337173965079
189,Company_189,Healthcare,Asia,2345.5,2616.017796082997,11.533480967085778
190,Company_190,Technology,North America,6410.6,5587.072255425972,-12.846344251302973
191,Company_191,Manufacturing,Oceania,1004.8,921.5419209501915,-8.28603493728189
192,Company_192,Consumer Goods,Asia,744.9,634.7739844321914,-14.783999941979948
193,Company_193,Manufacturing,Asia,3522.6,3122.113761568482,-11.369052359947707
194,Company_194,Manufacturing,Oceania,1137.5,1088.5498960139967,-4.30330584492337
195,Company_195,Transportation,Middle East,1703.0,1858.51987867951,9.13211266468056
196,Company_196,Healthcare,Oceania,9441.1,9086.832881726094,-3.7523923936184005
197,Company_197,Energy,Latin America,4374.2,4004.6479961279547,-8.448447804673886
198,Company_198,Manufacturing,North America,370.0,414.45235170282376,12.014149108871287
199,Company_199,Retail,Latin America,743.0,635.7467739772819,-14.435158280311988
200,Company_200,Consumer Goods,Asia,5837.6,5450.690141811456,-6.627892596076205
201,Company_201,Utilities,Europe,2181.4,2267.6816029762194,3.9553315749619213
202,Company_202,Utilities,Latin America,1757.2,1713.1481063126694,-2.506936813528948
203,Company_203,Energy,Oceania,3137.3,3455.751690617617,10.150501724974239
204,Company_204,Retail,Middle East,1091.4,926.1104477370773,-15.14472716354433
205,Company_205,Energy,Asia,24003.0,23172.455374157915,-3.460170086414553
206,Company_206,Manufacturing,North America,904.7,928.6837281797107,2.6510144998022134
207,Company_207,Consumer Goods,North America,2020.3,2363.2886513386748,16.97711485119412
208,Company_208,Manufacturing,Middle East,22083.6,21213.074329453582,-3.941955435465306
209,Company_209,Consumer Goods,North America,1890.3,1820.490624071449,-3.693031578508752
210,Company_210,Retail,Oceania,1275.6,1267.7821164357638,-0.6128789247598093
211,Company_211,Consumer Goods,Oceania,1526.2,1609.489674098395,5.4573236861744805
212,Company_212,Consumer Goods,Asia,1114.5,1101.1112063997089,-1.2013273755308334
213,Company_213,Technology,Europe,57751.7,64628.00287381826,11.906667464019694
214,Company_214,Utilities,Asia,4660.7,4519.374032903508,-3.032290580738767
215,Company_215,Utilities,North America,1104.4,1230.8928095641777,11.453532195235203
216,Company_216,Transportation,Asia,3973.8,3193.9707385093334,-19.624270509101283
217,Company_217,Manufacturing,Oceania,3197.6,3533.821476644149,10.514807250567578
218,Company_218,Utilities,Middle East,819.6,964.7384706654029,17.70845176493447
219,Company_219,Transportation,Middle East,716.5,803.960710455025,12.206658821357298
220,Company_220,Transportation,Oceania,178.5,152.5913564419725,-14.514646250995803
221,Company_221,Healthcare,Middle East,7864.2,6012.468021763454,-23.54634900227036
222,Company_222,Technology,Asia,24496.5,25417.19121519584,3.758460250222843
223,Company_223,Transportation,Latin America,216.4,181.46298432983986,-16.144646797671047
224,Company_224,Manufacturing,Europe,2588.3,2310.903641697949,-10.71731863779513
225,Company_225,Retail,Europe,1543.7,1380.7533055527874,-10.555593343733408
226,Company_226,Healthcare,Middle East,2743.9,2972.081560177192,8.315957585086622
227,Company_227,Transportation,Asia,1350.3,1298.37945374007,-3.8451119203088213
228,Company_228,Finance,Africa,3857.0,3464.875899603012,-10.166556919807832
229,Company_229,Finance,Africa,2847.5,2975.6487169839074,4.500393923930024
230,Company_230,Transportation,Europe,549.4,598.2782800928362,8.896665470119446
231,Company_231,Technology,Europe,4959.3,4906.727423623432,-1.060080583480906
232,Company_232,Manufacturing,Asia,1257.4,1456.3372457594724,15.821317461386371
233,Company_233,Transportation,Africa,1426.5,1564.0952196018907,9.645651566904359
234,Company_234,Utilities,Asia,629.2,503.83614651465996,-19.924325093029253
235,Company_235,Healthcare,Middle East,647.8,630.9889484232717,-2.595099039322049
236,Company_236,Retail,Asia,2071.9,1750.3118477744865,-15.521412820382913
237,Company_237,Finance,Asia,2768.8,2960.7578525714252,6.932889792380275
238,Company_238,Retail,Middle East,946.4,787.6617029229274,-16.772854720738863
239,Company_239,Manufacturing,Latin America,801.6,843.2045028016455,5.190182485235215
240,Company_240,Transportation,Oceania,4040.5,3478.5626353934676,-13.90761946804931
241,Company_241,Finance,Asia,8630.6,9993.916431943053,15.796311171216978
242,Company_242,Finance,Latin America,419.9,46.19611958515179,-88.99830445697742
243,Company_243,Transportation,Asia,766.7,713.7014619681195,-6.912552241017421
244,Company_244,Energy,Europe,13969.7,14652.666523089396,4.888913313023151
245,Company_245,Finance,Oceania,4420.6,3266.0798956166855,-26.116819083004906
246,Company_246,Consumer Goods,Oceania,3709.3,3944.4164210347644,6.338565795022355
247,Company_247,Consumer Goods,Asia,806.5,805.7127291382612,-0.09761572991181172
248,Company_248,Energy,Latin America,12545.4,12027.993243255118,-4.124274688291182
249,Company_249,Healthcare,Asia,1214.3,1212.4696988931428,-0.15072890610698986
250,Company_250,Manufacturing,Middle East,3429.0,3107.873809244911,-9.36500993744791
251,Company_251,Transportation,Asia,1020.4,924.6520707783056,-9.38337213070309
252,Company_252,Consumer Goods,North America,1828.9,1777.656891976596,-2.801854011887153
253,Company_253,Technology,Oceania,3360.5,2835.367063360678,-15.626631056072668
254,Company_254,Retail,Asia,1274.3,1142.868876059677,-10.313986026863613
255,Company_255,Consumer Goods,Oceania,3439.4,3225.1622899791,-6.228926848313661
256,Company_256,Manufacturing,Middle East,919.1,872.8957142018535,-5.027122815596403
257,Company_257,Finance,Latin America,2922.7,2461.6407378059666,-15.775114181887748
258,Company_258,Healthcare,Latin America,10126.6,7616.080285004273,-24.791338800739908
259,Company_259,Healthcare,North America,405.0,367.16286359629976,-9.342502815728455
260,Company_260,Consumer Goods,Latin America,3595.0,3037.641360310963,-15.503717376607423
261,Company_261,Utilities,Asia,781.4,748.8006485290744,-4.171915980410241
262,Company_262,Transportation,Oceania,1780.7,1333.3820971875257,-25.120340473548286
263,Company_263,Utilities,Africa,1563.4,1526.7913342188913,-2.3416058450242296
264,Company_264,Consumer Goods,Middle East,3492.0,3152.6255053021778,-9.718628141403844
265,Company_265,Manufacturing,Middle East,481.0,624.5682406694377,29.84786708304319
266,Company_266,Technology,Oceania,11051.7,10973.367638576816,-0.7087811053791264
267,Company_267,Retail,North America,1940.9,2234.503706007871,15.127193879533776
268,Company_268,Technology,Europe,8550.5,7375.381978141018,-13.743266731290351
269,Company_269,Healthcare,Latin America,428.5,390.8413184238234,-8.788490449516127
270,Company_270,Manufacturing,Asia,7241.8,7256.688479979053,0.20559087490752362
271,Company_271,Healthcare,Europe,7882.9,8254.669073633957,4.71614600761087
272,Company_272,Energy,Oceania,4521.2,4259.24723846358,-5.793876880837378
273,Company_273,Transportation,Latin America,409.5,352.72370018232596,-13.864786280262281
274,Company_274,Transportation,Asia,1122.8,1031.095965466713,-8.167441622131
275,Company_275,Healthcare,Middle East,6855.6,5509.35155033881,-19.63720826275148
276,Company_276,Transportation,North America,975.9,1083.269113707076,11.002061041815356
277,Company_277,Transportation,Middle East,769.7,748.6384899776622,-2.736327143346482
278,Company_278,Utilities,Europe,1968.6,2080.468660392685,5.682650634597424
279,Company_279,Consumer Goods,Africa,2146.8,2021.455822675539,-5.838651822454875
280,Company_280,Transportation,Africa,506.5,369.9154991983596,-26.96633776932683
281,Company_281,Healthcare,Middle East,1384.6,1462.3718762028166,5.616920135982714
282,Company_282,Transportation,Latin America,2359.5,2047.3271019996164,-13.230468234811765
283,Company_283,Retail,Asia,953.5,885.458696792477,-7.135952093080547
284,Company_284,Retail,Asia,538.9,581.6518411668212,7.933167780074456
285,Company_285,Energy,Latin America,37684.0,30760.245310774062,-18.373194695960986
286,Company_286,Transportation,North America,1486.7,1529.452449316469,2.87566081364559
287,Company_287,Transportation,Africa,271.6,260.8184743085694,-3.969633907006849
288,Company_288,Technology,Asia,54400.6,46200.44824450553,-15.073642120664967
289,Company_289,Healthcare,Asia,2441.1,2904.2100997832913,18.97136945570814
290,Company_290,Transportation,Africa,2844.3,3096.527119637889,8.867809993245746
291,Company_291,Technology,Oceania,25251.7,21003.873333247007,-16.82194334145025
292,Company_292,Utilities,Asia,1296.9,1100.2274932266919,-15.164816622199723
293,Company_293,Finance,North America,9677.8,9708.074251249867,0.31282162526470925
294,Company_294,Healthcare,Oceania,874.4,798.1895507353192,-8.71574213914464
295,Company_295,Finance,Europe,3361.5,2791.313209214977,-16.962272520750343
296,Company_296,Utilities,Latin America,593.9,588.1158002269467,-0.9739349676802953
297,Company_297,Retail,Africa,797.5,623.7814136602001,-21.782894838846385
298,Company_298,Utilities,Middle East,1753.1,1896.1848554075896,8.161819371832165
299,Company_299,Consumer Goods,North America,3325.9,4062.1646451178876,22.137305544901757
300,Company_300,Manufacturing,Europe,1179.3,1161.6315567488036,-1.4982144705500147
301,Company_301,Finance,Middle East,1764.3,1704.5226176254619,-3.388164279007997
302,Company_302,Energy,Latin America,2102.7,1967.2498420814254,-6.441725301687089
303,Company_303,Energy,Oceania,668.7,632.0023899025755,-5.487903409215575
304,Company_304,Technology,Asia,19897.3,15879.70127386623,-20.191677896668235
305,Company_305,Manufacturing,Latin America,9443.5,8533.561432933408,-9.635607212014532
306,Company_306,Healthcare,Latin America,1332.8,1268.359107142057,-4.83500096473162
307,Company_307,Finance,Middle East,10552.8,9423.176473264102,-10.70449100462339
308,Company_308,Finance,Asia,2711.8,2502.4769204382046,-7.718971884423466
309,Company_309,Transportation,North America,4719.9,4107.255810932738,-12.980024768898947
310,Company_310,Energy,Africa,2858.9,2506.119811643568,-12.339717666110465
311,Company_311,Consumer Goods,Middle East,6459.0,6956.516637842777,7.702688308449862
312,Company_312,Consumer Goods,Europe,390.5,481.0977704945817,23.20045339169826
313,Company_313,Utilities,Europe,649.9,690.1381743749571,6.19144089474644
314,Company_314,Consumer Goods,Latin America,765.6,773.0249122738514,0.9698161277235394
315,Company_315,Utilities,Asia,685.6,591.2106502013294,-13.767408080319523
316,Company_316,Healthcare,Africa,27189.4,24090.904833187822,-11.395967424114469
317,Company_317,Technology,Middle East,3696.6,4015.5920113965203,8.629335372951372
318,Company_318,Transportation,Europe,637.8,704.2443104376434,10.417734468115942
319,Company_319,Finance,Africa,12540.3,13633.934714281804,8.720961334910687
320,Company_320,Technology,Middle East,10151.2,8096.707286889357,-20.238914740234094
321,Company_321,Energy,Africa,4923.2,3891.037500902834,-20.965276630995408
322,Company_322,Consumer Goods,Middle East,2321.6,2201.110085642382,-5.18995151437018
323,Company_323,Healthcare,Europe,3721.2,3594.13032301752,-3.4147499995291817
324,Company_324,Energy,Middle East,3693.2,3977.3770505136745,7.6946022558668545
325,Company_325,Finance,Europe,2420.6,2126.7546536207583,-12.139359926433183
326,Company_326,Finance,Asia,5512.2,4827.945311155219,-12.41345903350351
327,Company_327,Retail,Latin America,669.4,780.8378537689068,16.647423628459347
328,Company_328,Retail,Asia,2343.4,2495.1465715300546,6.475487391399443
329,Company_329,Finance,Oceania,26371.5,25499.34605489274,-3.3071836835495154
330,Company_330,Transportation,Asia,1523.1,1238.723994508221,-18.670868983768557
331,Company_331,Consumer Goods,Africa,417.1,307.17248501685117,-26.35519419399397
332,Company_332,Utilities,Africa,1357.3,993.0968070637191,-26.83291777324695
333,Company_333,Technology,Africa,22843.0,29074.53140381641,27.279829286067553
334,Company_334,Technology,Africa,17950.9,14224.298326382359,-20.759971219368623
335,Company_335,Utilities,Latin America,352.5,238.1124046476807,-32.45038166023242
336,Company_336,Retail,North America,2451.7,2875.859776038991,17.300639394664575
337,Company_337,Finance,Africa,6490.4,5279.964835492539,-18.649623513303652
338,Company_338,Energy,Africa,7936.2,8434.598843152822,6.280069090406269
339,Company_339,Finance,Europe,3562.5,3017.430549228824,-15.300195109366344
340,Company_340,Consumer Goods,Oceania,787.9,818.1441983626619,3.838583368785621
341,Company_341,Finance,Middle East,26361.2,24555.810767426883,-6.848661034297064
342,Company_342,Energy,Africa,5279.7,7363.732086713853,39.472547430987625
343,Company_343,Finance,Asia,13978.9,14656.266053707372,4.845632014732003
344,Company_344,Technology,Africa,7000.5,6537.342212008536,-6.616067252217183
345,Company_345,Consumer Goods,Oceania,703.4,733.7194172197751,4.310409044608348
346,Company_346,Transportation,Asia,1015.1,1107.4034336416244,9.093038483068106
347,Company_347,Technology,Asia,91780.1,75900.24227338035,-17.302070630365023
348,Company_348,Healthcare,Latin America,6299.4,6129.92108603968,-2.690397719787915
349,Company_349,Utilities,Europe,1520.2,1970.7913813447167,29.640269789811647
350,Company_350,Utilities,Latin America,2727.1,3217.195262071542,17.971297791483337
351,Company_351,Utilities,Europe,335.2,400.88136205885166,19.594678418511837
352,Company_352,Finance,Asia,2484.9,2655.697933821548,6.873432887502425
353,Company_353,Finance,Europe,6181.2,5382.176336313185,-12.92667546248002
354,Company_354,Manufacturing,Oceania,2071.6,1826.3427936698627,-11.839023282976312
355,Company_355,Technology,North America,83356.1,80497.12743034707,-3.4298300540127653
356,Company_356,Consumer Goods,Europe,1345.2,1508.2702055293503,12.12237626593445
357,Company_357,Transportation,North America,3721.9,3404.056000428376,-8.539831794825867
358,Company_358,Utilities,Middle East,1570.5,1798.9638466492652,14.547204498520546
359,Company_359,Consumer Goods,Latin America,1422.8,1342.0028688034354,-5.678741298605888
360,Company_360,Retail,North America,857.4,872.0517257366646,1.70885534600707
361,Company_361,Energy,Europe,7391.5,7415.753972653494,0.328133297077646
362,Company_362,Technology,Africa,4837.3,4300.23341571753,-11.10261063573626
363,Company_363,Manufacturing,Asia,1489.9,1575.3887827295111,5.737887289718173
364,Company_364,Utilities,North America,648.9,789.6651904569653,21.692894198946732
365,Company_365,Retail,North America,2817.8,2823.0403368262505,0.18597263206225825
366,Company_366,Manufacturing,Africa,827.4,837.421895691853,1.2112515943743107
367,Company_367,Utilities,Latin America,1016.1,1019.3663982115131,0.3214642467781805
368,Company_368,Finance,Europe,5197.5,4972.311760504037,-4.332626060528389
369,Company_369,Utilities,Europe,1529.3,1596.9489977237263,4.423526955059591
370,Company_370,Technology,Middle East,7425.1,7163.31626633248,-3.525659367113173
371,Company_371,Retail,Middle East,1164.2,1199.2049740721031,3.0067835485400356
372,Company_372,Energy,Latin America,22416.1,17166.441113032804,-23.419144663733633
373,Company_373,Energy,Africa,16525.4,12027.025305551957,-27.22097313498036
374,Company_374,Healthcare,Africa,10380.2,10526.590919325412,1.4102899686461843
375,Company_375,Transportation,Middle East,329.2,395.9146729904387,20.26569653415514
376,Company_376,Technology,Oceania,1559.1,1726.8037763440243,10.756447716248116
377,Company_377,Consumer Goods,Europe,5860.2,5159.924930078516,-11.949678678568716
378,Company_378,Technology,Oceania,2554.2,2224.604761102699,-12.90404975715688
379,Company_379,Manufacturing,Africa,3822.5,3780.7819061567516,-1.0913824419424047
380,Company_380,Retail,Europe,741.5,754.2698245964311,1.7221611053851833
381,Company_381,Utilities,Oceania,3331.7,2945.075740667404,-11.604413942809858
382,Company_382,Energy,Asia,5288.1,5762.408921310274,8.969363690366556
383,Company_383,Energy,Middle East,6635.9,4895.084217785861,-26.233303428534764
384,Company_384,Healthcare,Oceania,13370.6,12181.154153440806,-8.895979586250387
385,Company_385,Transportation,Oceania,238.8,278.4281004876375,16.59468194624685
386,Company_386,Utilities,Asia,2271.1,2736.8019189536044,20.50556641951497
387,Company_387,Consumer Goods,Europe,2262.7,1884.4055857939074,-16.718717205378194
388,Company_388,Manufacturing,Middle East,729.1,703.8833604834581,-3.4585982055331135
389,Company_389,Energy,Middle East,6861.1,6515.700279483648,-5.0341741195486485
390,Company_390,Energy,Asia,2226.6,2300.868083744177,3.3354928475782426
391,Company_391,Retail,Oceania,937.4,996.0655825641252,6.2583296953408585
392,Company_392,Consumer Goods,Latin America,2418.7,2213.895492871834,-8.467544843435144
393,Company_393,Transportation,North America,1186.3,1166.1135364079237,-1.701632267729603
394,Company_394,Transportation,Oceania,2782.3,2634.365715726173,-5.316978193358982
395,Company_395,Consumer Goods,North America,2617.7,2981.204429606021,13.88640522619175
396,Company_396,Finance,North America,19407.2,18864.647823181207,-2.7956231543900905
397,Company_397,Consumer Goods,Latin America,8082.2,8264.82462542969,2.259590525224447
398,Company_398,Finance,Latin America,2143.1,1440.3896226043635,-32.789434809184655
399,Company_399,Energy,North America,29065.2,26734.581616963795,-8.018587118052537
400,Company_400,Manufacturing,Africa,556.7,636.3132700941533,14.300928703817714
401,Company_401,Energy,Europe,2644.6,3204.7601582251245,21.181281033998513
402,Company_402,Technology,Asia,1996.2,1522.4000824934756,-23.73509255117345
403,Company_403,Retail,Middle East,10010.2,8595.2743802482,-14.134838662082682
404,Company_404,Healthcare,Middle East,3916.2,3200.2647477464543,-18.281376136396137
405,Company_405,Finance,Europe,3483.4,3908.8111741933226,12.212527249047554
406,Company_406,Utilities,Asia,396.1,343.7982138307125,-13.204187369171304
407,Company_407,Healthcare,North America,538.8,625.7432272219567,16.136456425752915
408,Company_408,Retail,Asia,1657.9,1632.1210692676204,-1.55491469523974
409,Company_409,Healthcare,Europe,51738.7,46463.92203283093,-10.195033828003151
410,Company_410,Manufacturing,Africa,3396.4,3215.964284367039,-5.312557874012516
411,Company_411,Healthcare,Africa,11175.9,8693.778986268817,-22.209585033251756
412,Company_412,Energy,Latin America,36923.4,26915.185927952265,-27.10534260671481
413,Company_413,Consumer Goods,North America,3700.7,3276.0521541675607,-11.474797898571598
414,Company_414,Retail,Oceania,361.2,350.2615886068861,-3.028353098868738
415,Company_415,Energy,North America,2136.9,2317.1357944822266,8.434451517723176
416,Company_416,Healthcare,Middle East,3075.0,3282.18864065834,6.737841972628939
417,Company_417,Transportation,Middle East,568.0,468.62084598334513,-17.49632993250966
418,Company_418,Manufacturing,Oceania,823.4,786.0258221826907,-4.539006293090753
419,Company_419,Healthcare,North America,2997.5,2800.5470332932928,-6.570574368864294
420,Company_420,Manufacturing,Africa,2800.7,2785.3330857408127,-0.5486811961005131
421,Company_421,Retail,Africa,1338.1,1358.8181165974847,1.5483234883405443
422,Company_422,Energy,Europe,2179.4,2447.26187689982,12.290624800395516
423,Company_423,Healthcare,Oceania,5007.2,6040.55817151257,20.637445508718848
424,Company_424,Finance,Europe,25165.4,19844.983603916007,-21.141791491826055
425,Company_425,Consumer Goods,Middle East,4585.4,5288.377392376704,15.33077577477874
426,Company_426,Transportation,Middle East,2326.8,2333.368430705432,0.2822945979642271
427,Company_427,Manufacturing,Asia,1094.7,1041.8379017836314,-4.828911867759991
428,Company_428,Manufacturing,Oceania,6717.6,6340.9165655951165,-5.607410896821541
429,Company_429,Finance,North America,678.3,570.1345946354768,-15.946543618535038
430,Company_430,Healthcare,Oceania,21277.3,17190.71855321417,-19.206297071460334
431,Company_431,Consumer Goods,Asia,1189.8,919.1840010341675,-22.7446628816467
432,Company_432,Technology,North America,681.0,445.6294397271795,-34.56249049527467
433,Company_433,Retail,Middle East,12701.6,10574.365044294496,-16.74777158551288
434,Company_434,Transportation,Latin America,1054.4,995.3873051804385,-5.596803378183004
435,Company_435,Retail,Middle East,3007.8,2824.909241941774,-6.080549174088247
436,Company_436,Finance,Latin America,2579.4,2331.1316874855147,-9.625041192311599
437,Company_437,Technology,Africa,1331.4,898.0492162564315,-32.548504111729656
438,Company_438,Transportation,Asia,2089.6,1999.3243222200826,-4.320237259758675
439,Company_439,Utilities,North America,1183.7,1063.9586432095048,-10.115853407999937
440,Company_440,Retail,Oceania,692.9,627.3180171848871,-9.46485536370513
441,Company_441,Finance,North America,929.9,814.6957763757573,-12.388883065301933
442,Company_442,Consumer Goods,Latin America,2360.5,2373.854392141002,0.5657442127092515
443,Company_443,Consumer Goods,Oceania,969.5,1110.7007498987114,14.5642857038382
444,Company_444,Finance,Europe,7387.7,7498.846066376074,1.5044745506189272
445,Company_445,Finance,Europe,10265.6,12653.75341870917,23.26365160058028
446,Company_446,Manufacturing,Oceania,3027.3,3033.469172833471,0.20378465409674756
447,Company_447,Utilities,North America,1692.8,1738.6238133141087,2.7069833006916797
448,Company_448,Finance,Middle East,13779.0,11761.943461668081,-14.638627899934095
449,Company_449,Manufacturing,Oceania,2346.0,2027.8971927408156,-13.55936944838808
450,Company_450,Utilities,Europe,3580.7,3905.168332986361,9.061589437438519
451,Company_451,Consumer Goods,Oceania,7488.5,7031.262070497143,-6.105868057726605
452,Company_452,Consumer Goods,Asia,3486.7,2843.3149159157474,-18.45255066636798
453,Company_453,Energy,Middle East,3910.0,3886.000384737912,-0.6138009018436803
454,Company_454,Manufacturing,Middle East,2136.6,2978.257190384129,39.39236124609796
455,Company_455,Consumer Goods,Latin America,3243.5,2442.942681362976,-24.681896674488172
456,Company_456,Utilities,Asia,353.9,299.91127089293514,-15.25536284460719
457,Company_457,Transportation,North America,3671.9,2959.251833286178,-19.408158357085483
458,Company_458,Transportation,Asia,6688.3,5424.145620198346,-18.90098201040107
459,Company_459,Transportation,Middle East,1232.1,1305.500962248443,5.957386758253648
460,Company_460,Technology,North America,5487.6,5350.738257858215,-2.494018189040486
461,Company_461,Technology,Oceania,1658.9,1324.4602563132466,-20.160331767240546
462,Company_462,Technology,North America,51770.7,47024.17998721493,-9.168352007573917
463,Company_463,Technology,Latin America,144823.6,129314.2721822575,-10.709116344119678
464,Company_464,Energy,Europe,37009.3,31641.14989214359,-14.504867986847666
465,Company_465,Retail,Oceania,1217.1,1305.0963122747498,7.229998543648832
466,Company_466,Consumer Goods,Oceania,2475.3,1987.2720665756333,-19.71591053304112
467,Company_467,Manufacturing,Middle East,1357.5,1132.1566500231256,-16.59987845133513
468,Company_468,Utilities,Asia,1076.9,995.7188342494974,-7.5384126428175975
469,Company_469,Retail,Middle East,1981.9,2171.580043055923,9.570616229674698
470,Company_470,Technology,North America,13820.7,11540.873576549984,-16.4957377227638
471,Company_471,Utilities,Africa,2247.5,2496.233640671757,11.067125280167154
472,Company_472,Healthcare,Europe,4953.8,4441.340877635332,-10.344768104579686
473,Company_473,Retail,Asia,810.8,716.8987297479571,-11.581311081899715
474,Company_474,Consumer Goods,Latin America,3310.2,3015.2494804085727,-8.910353440620721
475,Company_475,Technology,Asia,15423.2,15221.24565222083,-1.3094192371179154
476,Company_476,Retail,Asia,1745.6,2303.546998790902,31.963049884905015
477,Company_477,Manufacturing,Latin America,1697.0,1705.5995185136562,0.5067482919066718
478,Company_478,Finance,Europe,11483.5,12423.903128607944,8.189168185726864
479,Company_479,Transportation,Oceania,997.1,884.0762201146663,-11.33525021415442
480,Company_480,Retail,Middle East,574.3,714.6211436044141,24.43342218429639
481,Company_481,Transportation,Middle East,687.4,692.5338810990652,0.7468549751331403
482,Company_482,Energy,Europe,6124.6,6676.116273142266,9.004935394021912
483,Company_483,Transportation,Asia,1216.0,1257.0507975089558,3.3758879530391313
484,Company_484,Manufacturing,Africa,2067.9,1912.7414045912255,-7.503196257496714
485,Company_485,Finance,Africa,1034.0,819.9402695580175,-20.702101590133708
486,Company_486,Healthcare,Middle East,1983.6,2067.5959525654307,4.2345206979951
487,Company_487,Technology,Europe,35369.4,31904.13921330425,-9.797341166928902
488,Company_488,Utilities,Oceania,3344.3,3151.5143424727394,-5.764604178071967
489,Company_489,Consumer Goods,Asia,1551.2,1802.449969069491,16.197135705872295
490,Company_490,Retail,Africa,3460.4,3513.0194463788903,1.520617454019483
491,Company_491,Transportation,Latin America,617.0,471.65125287369574,-23.557333407828892
492,Company_492,Manufacturing,Africa,2385.0,2203.620094619755,-7.605027479255553
493,Company_493,Energy,Latin America,1049.1,1092.6741847460298,4.153482484608705
494,Company_494,Consumer Goods,Africa,1428.2,1225.0343626270833,-14.22529319233418
495,Company_495,Consumer Goods,Latin America,1358.9,1213.3718876564508,-10.709258396022467
496,Company_496,Manufacturing,North America,2784.7,3089.856224257792,10.95831594993328
497,Company_497,Utilities,Africa,1248.2,1122.347171845633,-10.082745405733615
498,Company_498,Technology,Europe,36032.9,31545.051070233774,-12.454864664698725
499,Company_499,Transportation,Asia,1267.1,1143.4721469465549,-9.756755824595144
500,Company_500,Utilities,Middle East,2495.0,2439.1945318182443,-2.236692111493215
501,Company_501,Retail,Europe,789.9,794.2205694608592,0.5469767642561396
502,Company_502,Manufacturing,Asia,398.0,230.42592879653967,-42.10403799081918
503,Company_503,Manufacturing,North America,7727.0,6578.345696948607,-14.86546270287813
504,Company_504,Retail,Europe,6532.5,5260.238126259899,-19.47588019502642
505,Company_505,Transportation,North America,251.9,330.32338035903376,31.132743294574734
506,Company_506,Retail,North America,10284.8,10586.921605598822,2.9375545037222164
507,Company_507,Manufacturing,Europe,1012.3,771.1563074238511,-23.821366450276486
508,Company_508,Utilities,Europe,367.8,377.89642119546716,2.745084609969316
509,Company_509,Technology,Europe,24246.4,24565.554017090304,1.3162944482079921
510,Company_510,Utilities,Middle East,1478.6,1414.7209698556635,-4.320237396478859
511,Company_511,Healthcare,Europe,3630.3,3334.596443329925,-8.145430313474785
512,Company_512,Finance,Middle East,8917.0,8577.762610982929,-3.804389245453304
513,Company_513,Healthcare,Europe,2058.8,2619.206230211699,27.22004226790844
514,Company_514,Energy,Latin America,1992.8,1884.2557580088023,-5.446820653913972
515,Company_515,Finance,Africa,18660.4,15944.420226083079,-14.55477789284754
516,Company_516,Utilities,North America,252.9,317.63228587662525,25.596000742042403
517,Company_517,Finance,Latin America,3351.7,3002.4644272024034,-10.41965488550874
518,Company_518,Utilities,Middle East,345.2,272.99637432767304,-20.91646166637513
519,Company_519,Retail,Middle East,2704.7,2312.5106435596463,-14.500290473633068
520,Company_520,Manufacturing,Latin America,2636.6,2289.8675635201,-13.150740972460751
521,Company_521,Technology,Middle East,9643.8,9047.799301499128,-6.180143703735782
522,Company_522,Transportation,Oceania,298.0,158.63902630962093,-46.765427412878886
523,Company_523,Consumer Goods,North America,1642.3,1625.4148857623468,-1.028138235258672
524,Company_524,Transportation,Middle East,2616.6,3172.132583572653,21.231085514509402
525,Company_525,Utilities,North America,713.5,858.3350422674466,20.299235076026157
526,Company_526,Utilities,Asia,208.3,138.77560999129037,-33.37704753178571
527,Company_527,Retail,Asia,961.2,930.4693671494642,-3.197111199597983
528,Company_528,Utilities,Oceania,684.7,750.6321965671787,9.629355420940353
529,Company_529,Finance,Asia,20080.1,23482.272094858985,16.943003744299016
530,Company_530,Manufacturing,Asia,1168.9,991.8927844073751,-15.14305890945547
531,Company_531,Consumer Goods,Oceania,1214.3,1085.6599696756557,-10.593760217766965
532,Company_532,Retail,North America,498.1,487.10699258203294,-2.2069880381383413
533,Company_533,Technology,Middle East,18913.3,16259.202898312516,-14.032966757189294
534,Company_534,Manufacturing,Africa,1742.5,1396.655129336189,-19.84762528917136
535,Company_535,Energy,Asia,59585.9,55122.11005660963,-7.491352725041281
536,Company_536,Transportation,Middle East,359.4,351.44984484360793,-2.212063204338354
537,Company_537,Retail,Europe,1024.1,1147.2095592828346,12.021243949109918
538,Company_538,Transportation,Middle East,1222.7,1247.063081510696,1.9925641212640892
539,Company_539,Healthcare,Europe,5483.8,4891.959767835051,-10.792520372095064
540,Company_540,Utilities,Oceania,1932.6,1980.6416379223647,2.485855216928737
541,Company_541,Technology,Asia,3035.3,3310.92535358392,9.080662655550343
542,Company_542,Transportation,Asia,1082.2,910.9971102607415,-15.819893710890645
543,Company_543,Energy,North America,93522.7,71534.06433312457,-23.51154924619951
544,Company_544,Energy,Latin America,11745.8,9576.546128543334,-18.468336524176006
545,Company_545,Manufacturing,North America,6202.3,7267.489102384861,17.174098356817005
546,Company_546,Energy,Asia,367.0,353.52099478168293,-3.6727534654814904
547,Company_547,Energy,Latin America,951.3,1076.927151670322,13.205839553276785
548,Company_548,Retail,Middle East,9800.9,6930.429574183137,-29.28782485095106
549,Company_549,Utilities,North America,1886.3,1848.0854283773542,-2.025901056175886
550,Company_550,Consumer Goods,Asia,1010.2,1080.8918010564412,6.997802519940718
551,Company_551,Retail,Middle East,1774.5,1936.4671535553698,9.127481180916867
552,Company_552,Consumer Goods,Asia,861.5,947.7702341757495,10.01395637559483
553,Company_553,Retail,Africa,3308.7,3773.6207466219657,14.051462708071627
554,Company_554,Manufacturing,Europe,2035.9,1779.6700330954181,-12.585587057546144
555,Company_555,Energy,Africa,2171.5,2453.6653739512712,12.9940305756975
556,Company_556,Transportation,Asia,3052.8,2862.1986178818734,-6.243493911102163
557,Company_557,Healthcare,North America,11534.9,10045.651777637173,-12.91080306168954
558,Company_558,Finance,Middle East,4629.6,5032.652119104812,8.70598149094548
559,Company_559,Manufacturing,Middle East,4629.8,4783.391863905714,3.3174621777552717
560,Company_560,Technology,Latin America,7364.4,5747.835126129969,-21.951073731329522
561,Company_561,Healthcare,Africa,3898.4,3500.843718283324,-10.19793458128145
562,Company_562,Transportation,Africa,466.3,350.92534550877554,-24.742580847356738
563,Company_563,Energy,Africa,3530.9,2954.7516632724128,-16.317322403001707
564,Company_564,Energy,Africa,10246.7,10845.932832412826,5.848056763766137
565,Company_565,Utilities,Europe,1772.0,1891.7837936895503,6.759807770290649
566,Company_566,Healthcare,North America,2584.5,2715.2586015746147,5.059338424245102
567,Company_567,Healthcare,Oceania,1799.4,1685.595499256522,-6.3245804570122255
568,Company_568,Healthcare,Africa,1116.4,1208.6855053359068,8.266347665344561
569,Company_569,Energy,Asia,12923.3,14344.382008280103,10.996278104509715
570,Company_570,Energy,Latin America,554.7,326.15895016972627,-41.20083826037025
571,Company_571,Retail,Middle East,3435.3,3130.49805771082,-8.872644086082154
572,Company_572,Retail,Latin America,2697.3,2354.667515007619,-12.702794831586447
573,Company_573,Energy,North America,2385.7,2689.9314736170545,12.75229381804312
574,Company_574,Transportation,Latin America,1971.9,1979.2536685921277,0.37292299772440957
575,Company_575,Energy,Africa,881.1,1147.0650649511772,30.18557087177133
576,Company_576,Finance,Asia,3575.9,3865.707685955751,8.104468412308814
577,Company_577,Manufacturing,Oceania,449.2,376.17844230386163,-16.255912220867845
578,Company_578,Transportation,Middle East,1828.3,1986.3723138632831,8.64586303469251
579,Company_579,Retail,Africa,1491.3,1141.7962526205192,-23.43617966736946
580,Company_580,Technology,Latin America,3320.8,2899.0911348873506,-12.699014246948012
581,Company_581,Energy,Oceania,11619.0,8609.088078329436,-25.90508582210658
582,Company_582,Healthcare,Oceania,4532.4,3747.4567198897967,-17.31849086819793
583,Company_583,Healthcare,Africa,9455.1,7470.219431101648,-20.992697791650556
584,Company_584,Healthcare,Latin America,5001.4,4910.412054626,-1.8192495176150587
585,Company_585,Energy,Asia,12717.0,10592.968903327692,-16.70229689920821
586,Company_586,Transportation,Africa,988.1,863.5458538676976,-12.605419100526507
587,Company_587,Healthcare,North America,4663.1,4180.161116263955,-10.35660577161214
588,Company_588,Energy,Africa,15231.5,13989.482196153313,-8.154271108207908
589,Company_589,Finance,North America,3808.6,4109.528937370853,7.9013006713977045
590,Company_590,Manufacturing,North America,2649.3,2869.0698024341964,8.295391327301408
591,Company_591,Manufacturing,Oceania,2138.3,1763.675335689465,-17.519742987912597
592,Company_592,Utilities,Latin America,1880.2,1972.7805004645197,4.923970878870315
593,Company_593,Manufacturing,Africa,7945.7,7484.467032120419,-5.804812261721188
594,Company_594,Utilities,Europe,1557.2,1759.6464644992757,13.00067200740275
595,Company_595,Consumer Goods,Oceania,3953.5,3722.1569670035806,-5.8516006828486
596,Company_596,Technology,Europe,119460.4,102246.66496741952,-14.409574246009955
597,Company_597,Consumer Goods,Asia,1704.7,1398.9214861343771,-17.937379824345804
598,Company_598,Utilities,North America,1219.5,1314.8467799951713,7.818514144745498
599,Company_599,Transportation,Latin America,209.8,210.10478915223757,0.14527604968425203
600,Company_600,Technology,Africa,6755.8,5874.920341984571,-13.038865241946615
601,Company_601,Retail,Asia,706.0,779.2152387794986,10.370430422025294
602,Company_602,Technology,North America,11698.9,11201.110803934142,-4.2550085569229426
603,Company_603,Utilities,North America,752.9,860.5917509250021,14.303592897463425
604,Company_604,Retail,Latin America,972.5,963.2903980196725,-0.9470027743267387
605,Company_605,Energy,Oceania,12648.6,15361.118099401057,21.44520420758864
606,Company_606,Transportation,Europe,5758.4,4898.712349286467,-14.929279847067466
607,Company_607,Healthcare,Europe,61413.6,53086.98633481907,-13.558256909187753
608,Company_608,Finance,Latin America,9153.0,9573.627862713794,4.595519094436736
609,Company_609,Manufacturing,Latin America,6094.2,6337.962300095829,3.9999064700178737
610,Company_610,Technology,Europe,7669.6,7733.292082724523,0.8304485595666405
611,Company_611,Energy,Latin America,22642.5,18751.349029718458,-17.18516493444426
612,Company_612,Utilities,Oceania,575.7,698.5379109309888,21.337139296680345
613,Company_613,Consumer Goods,North America,4774.7,4715.8128199851835,-1.2333168579139275
614,Company_614,Finance,Asia,7904.7,6957.4429242073875,-11.983466491993527
615,Company_615,Transportation,Europe,1136.3,1221.3939099158442,7.4886834388668735
616,Company_616,Retail,Middle East,1738.0,1649.6002921735453,-5.086289288058383
617,Company_617,Healthcare,Asia,9950.0,8542.610038815423,-14.144622725473138
618,Company_618,Utilities,Latin America,1065.2,845.7791081823789,-20.599032277283246
619,Company_619,Healthcare,Oceania,977.3,963.7279225689135,-1.3887319585681397
620,Company_620,Retail,Oceania,3556.8,3026.5700426122967,-14.907499926554864
621,Company_621,Transportation,North America,368.1,398.652983411107,8.300185659089104
622,Company_622,Transportation,Latin America,1726.2,1759.0854316152845,1.9050765621182055
623,Company_623,Consumer Goods,North America,1161.1,1079.5089516607732,-7.02704748421555
624,Company_624,Healthcare,Africa,2518.7,2237.3412780307017,-11.170791359403587
625,Company_625,Energy,Middle East,5455.1,6157.550581339123,12.87695150114796
626,Company_626,Healthcare,Europe,10774.6,9814.208005913946,-8.913481652089676
627,Company_627,Transportation,Africa,823.6,758.2090291589957,-7.93965163198207
628,Company_628,Energy,Europe,4072.9,4463.957064340215,9.601440357981163
629,Company_629,Retail,Latin America,2555.2,2002.8620834878002,-21.616230295561977
630,Company_630,Consumer Goods,Africa,740.8,680.9801473238649,-8.075034108549547
631,Company_631,Manufacturing,North America,1157.2,943.2132399722768,-18.49176979154193
632,Company_632,Transportation,Europe,2232.6,2428.6447433662943,8.781006152749905
633,Company_633,Utilities,Europe,412.1,306.90606127244064,-25.52631369268609
634,Company_634,Healthcare,Europe,1595.4,1819.1899240794955,14.027198450513692
635,Company_635,Transportation,Latin America,870.1,845.8480021077585,-2.7872655892703766
636,Company_636,Consumer Goods,Latin America,1138.3,1147.2467581462024,0.7859754147590667
637,Company_637,Utilities,Oceania,1192.4,931.474056608351,-21.88241725860861
638,Company_638,Healthcare,Oceania,10604.8,7897.100593092931,-25.532772017455002
639,Company_639,Healthcare,Latin America,2788.2,2361.969079628985,-15.286956472671068
640,Company_640,Finance,Africa,21627.6,23242.268565263726,7.465777826775639
641,Company_641,Manufacturing,Latin America,1163.4,980.2745518823776,-15.740540494896205
642,Company_642,Retail,Europe,1619.5,2051.3625243752267,26.66641089072101
643,Company_643,Manufacturing,Asia,16492.3,19954.08299137236,20.990298450624607
644,Company_644,Transportation,Africa,1680.7,1497.4946413748048,-10.900538979305956
645,Company_645,Finance,Middle East,18672.2,19101.671709270893,2.3000594963148018
646,Company_646,Energy,Europe,134253.3,114077.64078059448,-15.028054594863228
647,Company_647,Energy,North America,5405.8,6984.822193481215,29.209778265589094
648,Company_648,Utilities,Middle East,332.1,280.70589787139033,-15.475489951403096
649,Company_649,Finance,Oceania,16331.7,14671.687149829206,-10.16436041667919
650,Company_650,Healthcare,Asia,2996.5,3127.9957491729183,4.388311335655541
651,Company_651,Energy,Oceania,13587.0,19842.987550478658,46.04392103097562
652,Company_652,Finance,Latin America,6030.1,5861.856779858032,-2.79005688366642
653,Company_653,Energy,North America,35.9,-196.89364984828353,-648.4502781289235
654,Company_654,Energy,Oceania,1441.7,1369.9798116710062,-4.974695729277506
655,Company_655,Finance,Middle East,4569.2,4177.207194068946,-8.579024904382695
656,Company_656,Finance,Latin America,1873.1,1575.4183036927543,-15.892461497370435
657,Company_657,Manufacturing,Europe,492.6,492.51275255223754,-0.0177116215514574
658,Company_658,Utilities,North America,3433.2,3111.0403877445424,-9.383654091094531
659,Company_659,Technology,Middle East,8177.9,8005.193237895195,-2.1118717776544655
660,Company_660,Consumer Goods,Africa,3396.3,3146.3341931684554,-7.359944846790471
661,Company_661,Retail,Europe,1973.9,2051.128626649205,3.9124893180609512
662,Company_662,Finance,Middle East,21719.8,22286.92247452974,2.6110851597608655
663,Company_663,Finance,Asia,24586.2,22065.355459584942,-10.25308726202121
664,Company_664,Finance,Latin America,7642.8,8343.094578856511,9.162801314394086
665,Company_665,Technology,Asia,11384.2,11708.536301926804,2.849003899499337
666,Company_666,Finance,Middle East,7614.6,8371.20818523398,9.93628273624326
667,Company_667,Consumer Goods,North America,1665.2,1646.8842826548935,-1.0999109623532655
668,Company_668,Retail,Middle East,6691.6,5366.392753640532,-19.804041579883265
669,Company_669,Retail,Middle East,431.5,586.4846499507239,35.9176477290206
670,Company_670,Technology,Middle East,25759.0,30849.634617273023,19.76254752619676
671,Company_671,Technology,Middle East,19454.9,17118.152760141013,-12.011098694205515
672,Company_672,Finance,Middle East,14134.9,11995.375587326995,-15.136466566250947
673,Company_673,Healthcare,Latin America,2465.1,2509.3527264032145,1.7951696240807529
674,Company_674,Finance,Africa,1203.1,1029.2152243195687,-14.453060899379203
675,Company_675,Transportation,Europe,2790.4,2890.64380173284,3.592452757054185
676,Company_676,Transportation,Middle East,660.8,784.5051072151509,18.72050653982309
677,Company_677,Utilities,Oceania,4226.4,4258.294714701866,0.7546544269796087
678,Company_678,Retail,Europe,4851.3,4708.440273675593,-2.9447720471710124
679,Company_679,Retail,Latin America,1150.2,1141.4767442196699,-0.7584120831446871
680,Company_680,Healthcare,Oceania,4976.8,5057.97373846033,1.6310428078349588
681,Company_681,Consumer Goods,North America,3100.3,2842.3267425476497,-8.320912732714591
682,Company_682,Technology,Middle East,8909.8,10237.879733642741,14.905831035968733
683,Company_683,Manufacturing,Asia,1616.0,1210.7346110995359,-25.07830376859308
684,Company_684,Finance,Europe,1801.3,1482.9722791107633,-17.672110192041117
685,Company_685,Energy,North America,13754.1,11693.620803708818,-14.980836232768283
686,Company_686,Transportation,Middle East,350.0,359.5498283839279,2.728522395407968
687,Company_687,Retail,Oceania,9088.5,8717.92245993285,-4.077433460605711
688,Company_688,Technology,Asia,3467.4,2380.7348210023356,-31.33948142693847
689,Company_689,Finance,Asia,1822.3,1470.8910501483278,-19.283814402220937
690,Company_690,Finance,Europe,4073.9,3797.819571357455,-6.776809166708683
691,Company_691,Healthcare,Latin America,7986.6,7040.923674124917,-11.84078739232068
692,Company_692,Healthcare,Asia,2820.5,2360.03173492968,-16.32576724234426
693,Company_693,Retail,Africa,709.8,573.5895087702957,-19.18998185822828
694,Company_694,Consumer Goods,North America,6571.9,5799.825468437686,-11.748117463173717
695,Company_695,Manufacturing,Latin America,834.7,781.1847238006594,-6.411318581447302
696,Company_696,Healthcare,Asia,3939.9,4062.6887318383433,3.1165443751958986
697,Company_697,Healthcare,North America,2102.3,2299.189261686264,9.365421761226466
698,Company_698,Retail,Oceania,2719.7,3135.4759107422306,15.28756519992024
699,Company_699,Transportation,Oceania,845.0,871.5061826801757,3.1368263526835145
700,Company_700,Technology,Asia,18422.8,17776.937117914287,-3.505780240168227
701,Company_701,Transportation,Europe,170.0,216.4562264898641,27.327192052861232
702,Company_702,Manufacturing,Latin America,2702.9,3274.885832371052,21.161930976767614
703,Company_703,Retail,Oceania,835.0,741.8260499719117,-11.158556889591408
704,Company_704,Utilities,Europe,709.7,705.0118639904276,-0.6605799647135997
705,Company_705,Consumer Goods,Africa,3301.0,2763.092531716471,-16.2952883454568
706,Company_706,Healthcare,North America,10314.8,10399.217645895846,0.8184128232815603
707,Company_707,Utilities,Europe,2038.2,2029.156853574631,-0.4436829764188528
708,Company_708,Retail,North America,639.8,747.458583821317,16.82691213212208
709,Company_709,Finance,North America,8986.6,7653.57864262068,-14.83343375002026
710,Company_710,Manufacturing,Middle East,3731.9,3859.655591709632,3.423339095625069
711,Company_711,Consumer Goods,Africa,4091.6,3971.181872266505,-2.9430571838277233
712,Company_712,Healthcare,Asia,4173.7,3878.075226073448,-7.083038405408913
713,Company_713,Energy,Oceania,1794.8,1888.2188315342964,5.204971670063322
714,Company_714,Transportation,Latin America,131.4,86.26440998668477,-34.349764089280995
715,Company_715,Technology,North America,4688.2,4425.615520969019,-5.600965808433538
716,Company_716,Retail,Africa,389.9,303.5119662102006,-22.15645903816347
717,Company_717,Energy,North America,24550.0,23147.83933755232,-5.711448726874464
718,Company_718,Healthcare,Middle East,1532.1,1668.3683239274524,8.894218649399678
719,Company_719,Retail,North America,853.3,951.1132480261012,11.462937774065546
720,Company_720,Energy,Asia,14775.2,12880.150929003485,-12.825877625998402
721,Company_721,Manufacturing,Asia,771.4,687.2372886647345,-10.910385187356171
722,Company_722,Healthcare,Asia,5365.9,4066.2138833111367,-24.221213900536036
723,Company_723,Manufacturing,Asia,15963.6,12907.1044678849,-19.14665571747664
724,Company_724,Retail,North America,433.9,432.6964986705989,-0.27736836354023797
725,Company_725,Finance,Oceania,7860.0,8352.339320864627,6.263859044079219
726,Company_726,Healthcare,Africa,3204.0,3766.889195837788,17.568326961229342
727,Company_727,Retail,Latin America,2543.6,2248.874255710549,-11.586953305922751
728,Company_728,Retail,North America,3793.2,4169.503114705045,9.920465957635905
729,Company_729,Consumer Goods,Oceania,9345.4,10032.637847699714,7.353755298860559
730,Company_730,Manufacturing,North America,332.5,284.1446213241534,-14.542971030329813
731,Company_731,Finance,Middle East,7717.8,6956.8524423737545,-9.859643390943607
732,Company_732,Transportation,Latin America,3310.2,2905.836011892261,-12.215696577479875
733,Company_733,Utilities,Latin America,1296.2,1683.96720617781,29.915692499445306
734,Company_734,Consumer Goods,Oceania,1690.8,1409.3200918951188,-16.647735279446483
735,Company_735,Finance,Middle East,3168.8,3303.069840963053,4.237245675430856
736,Company_736,Finance,Europe,1565.1,1359.556825540697,-13.132910003150144
737,Company_737,Technology,Asia,5984.4,4688.983296111714,-21.64655945271516
738,Company_738,Consumer Goods,Middle East,548.4,544.5086479401634,-0.7095827971984955
739,Company_739,Utilities,Asia,1066.0,1185.5355915247983,11.213470124277514
740,Company_740,Manufacturing,Africa,607.4,520.6726134400042,-14.278463378333193
741,Company_741,Retail,Latin America,1051.2,1036.7828527867077,-1.3714942173984312
742,Company_742,Transportation,Oceania,1653.7,1354.8421591305532,-18.07207116583702
743,Company_743,Finance,Europe,15533.8,14945.472029355555,-3.7874053396106855
744,Company_744,Transportation,North America,4228.7,4421.27042845582,4.553891939740832
745,Company_745,Utilities,Middle East,3808.0,4079.0078044855127,7.11680158838006
746,Company_746,Transportation,North America,1698.2,1619.8266822142377,-4.615081720984708
747,Company_747,Manufacturing,Oceania,1771.6,2102.1272123738536,18.656988731872527
748,Company_748,Healthcare,Middle East,1035.8,852.615653274519,-17.685300900316758
749,Company_749,Retail,North America,475.0,436.75288308908966,-8.05202461282323
750,Company_750,Finance,Africa,6425.2,6574.196675515421,2.318942219937449
751,Company_751,Transportation,Asia,223.8,189.59244102611865,-15.284878898070312
752,Company_752,Healthcare,Latin America,15349.4,17019.11594467865,10.878053504883917
753,Company_753,Healthcare,Europe,1327.0,1405.6844033438201,5.929495353716663
754,Company_754,Transportation,Asia,2340.5,2041.8973624822784,-12.758070391699281
755,Company_755,Finance,North America,7730.0,7403.921963378985,-4.218344587593981
756,Company_756,Technology,Middle East,18906.3,18214.131666021396,-3.6610459686908765
757,Company_757,Transportation,North America,551.5,638.6780267067834,15.80743911274404
758,Company_758,Healthcare,Latin America,36695.2,31338.19057741921,-14.598665282055387
759,Company_759,Energy,Oceania,168988.9,151321.57790452198,-10.454723414069216
760,Company_760,Manufacturing,Europe,2198.5,2559.8280827473773,16.435209585962124
761,Company_761,Technology,Africa,79180.5,72715.71069330933,-8.164622990118362
762,Company_762,Technology,North America,14771.9,14008.18091508379,-5.170080253157745
763,Company_763,Technology,Oceania,2831.6,2680.5118784324695,-5.3357861833426465
764,Company_764,Energy,Africa,62170.9,43339.50941208578,-30.28971848230316
765,Company_765,Transportation,Asia,1440.4,1372.2317042736158,-4.732594815772303
766,Company_766,Finance,Asia,4173.9,3312.816661386958,-20.630186123602424
767,Company_767,Finance,North America,22188.9,23823.600470270394,7.367199231464347
768,Company_768,Healthcare,Middle East,10405.1,7998.375428427824,-23.130239705261616
769,Company_769,Manufacturing,North America,2204.1,2556.0644715834496,15.968625361074803
770,Company_770,Retail,North America,1028.2,1144.7689346526895,11.337184852430408
771,Company_771,Transportation,Middle East,284.6,340.5569352803341,19.66160761782644
772,Company_772,Transportation,Asia,1055.4,1061.8181102393228,0.6081211142052952
773,Company_773,Manufacturing,Europe,502.1,476.32066602076065,-5.134302724405371
774,Company_774,Utilities,Africa,898.2,985.9029611915621,9.764302069868855
775,Company_775,Manufacturing,Europe,514.8,463.36109524367293,-9.992017240933764
776,Company_776,Consumer Goods,Asia,1096.0,1124.2153281175542,2.574391251601664
777,Company_777,Utilities,Middle East,2069.6,2248.675228612614,8.65264923717694
778,Company_778,Finance,Oceania,1223.4,876.608807513916,-28.346509112807265
779,Company_779,Retail,Europe,2834.1,2524.943162948075,-10.908466075718035
780,Company_780,Transportation,Africa,451.6,427.5505601553614,-5.325385262320337
781,Company_781,Technology,Asia,8059.4,8720.14912976263,8.198490331322818
782,Company_782,Finance,Middle East,13768.4,13400.803696090676,-2.669854913492664
783,Company_783,Manufacturing,Middle East,5708.4,4537.805890146861,-20.50651863662565
784,Company_784,Manufacturing,Africa,910.6,625.880575069019,-31.26723313540315
785,Company_785,Retail,Asia,728.5,814.0247949534678,11.739848312075194
786,Company_786,Energy,North America,938.1,818.8632841529316,-12.710448336751782
787,Company_787,Utilities,North America,882.6,799.7000035856317,-9.3927029701301
788,Company_788,Finance,North America,2848.3,3237.3373876882233,13.658581880006428
789,Company_789,Utilities,Asia,1933.8,1616.6600986186386,-16.39982942296832
790,Company_790,Finance,Latin America,9388.8,9196.89588912797,-2.04396846106029
791,Company_791,Retail,Europe,2005.8,2310.2630227702048,15.179131656705794
792,Company_792,Finance,Africa,2691.9,2094.653180155892,-22.1868130258965
793,Company_793,Manufacturing,Africa,1317.7,1211.792927218522,-8.0372674190998
794,Company_794,Technology,North America,13767.0,13132.055267987882,-4.612077664067103
795,Company_795,Technology,Europe,48165.3,48728.366425146145,1.169029208052565
796,Company_796,Healthcare,Europe,12278.1,12617.637412661898,2.7653905136942782
797,Company_797,Manufacturing,North America,1185.3,1416.5721450764022,19.51169704517019
798,Company_798,Transportation,Oceania,237.4,174.08495334504823,-26.670196569061407
799,Company_799,Consumer Goods,Oceania,4349.1,5004.625288171537,15.072665337001606
800,Company_800,Transportation,Asia,3081.5,3518.7532383793823,14.189623182845443
801,Company_801,Finance,Africa,11988.7,10205.900201296736,-14.870668201750522
802,Company_802,Consumer Goods,Oceania,3595.3,3085.5406206015195,-14.178493572121397
803,Company_803,Consumer Goods,Africa,1873.5,1983.4080114615508,5.866453774302151
804,Company_804,Energy,Europe,8288.1,9597.297743301875,15.796114227650179
805,Company_805,Healthcare,Middle East,822.8,814.4852670511646,-1.0105411945594798
806,Company_806,Finance,North America,640.4,544.3202648090282,-15.003081697528382
807,Company_807,Transportation,Asia,1169.9,1176.1511857187143,0.5343350473300426
808,Company_808,Technology,North America,12974.1,10278.523373964672,-20.776598192054387
809,Company_809,Utilities,Asia,591.4,527.5256206066915,-10.800537604549959
810,Company_810,Healthcare,Africa,4636.3,4217.149133899471,-9.04063296379719
811,Company_811,Finance,Asia,34940.7,38179.63970744902,9.26981917205158
812,Company_812,Manufacturing,North America,522.2,540.4845144920873,3.50143900652763
813,Company_813,Finance,Europe,3760.6,2669.7295993349944,-29.007881738685466
814,Company_814,Consumer Goods,Latin America,1967.0,1376.22092089761,-30.034523594427547
815,Company_815,Technology,North America,23043.7,21592.279477354536,-6.298556753670049
816,Company_816,Manufacturing,Middle East,5486.0,4868.4552628640595,-11.256739648850537
817,Company_817,Energy,North America,25950.8,19358.506021435456,-25.403047222299673
818,Company_818,Consumer Goods,Africa,622.6,591.8892897898295,-4.932655028938409
819,Company_819,Finance,Asia,2919.5,2654.96462656943,-9.060982134974138
820,Company_820,Energy,Europe,2098.4,1442.37580702198,-31.263066764106934
821,Company_821,Manufacturing,Africa,1389.8,1325.8643974264533,-4.6003455586089155
822,Company_822,Finance,Latin America,1073.9,827.3089981512994,-22.96219404494838
823,Company_823,Retail,Europe,1722.7,1894.9712672189817,10.000073560050016
824,Company_824,Transportation,Oceania,797.5,777.2976521632872,-2.5332097600893744
825,Company_825,Utilities,Middle East,1241.9,1019.4511140099785,-17.911980512925485
826,Company_826,Transportation,Latin America,715.1,719.4926185180657,0.6142663289142302
827,Company_827,Retail,Latin America,3143.5,2928.7598507587136,-6.831243812352042
828,Company_828,Technology,Oceania,24884.9,19722.36732637024,-20.7456436378276
829,Company_829,Manufacturing,Oceania,3138.4,3261.943771502394,3.9365208865152326
830,Company_830,Manufacturing,Africa,3772.6,3885.1456211377536,2.9832375851601984
831,Company_831,Manufacturing,Oceania,2463.0,2516.195525752133,2.1597858608255422
832,Company_832,Consumer Goods,Africa,1234.0,1253.774231200101,1.6024498541410848
833,Company_833,Consumer Goods,North America,1305.6,1216.9179281261713,-6.792438103081235
834,Company_834,Technology,Oceania,19224.2,18441.755497977458,-4.070101757277509
835,Company_835,Healthcare,Middle East,5191.5,5345.485998695096,2.966117667246383
836,Company_836,Retail,Europe,247.2,298.3081280516735,20.674809082392205
837,Company_837,Healthcare,Latin America,2234.8,1984.3576871250434,-11.206475428448037
838,Company_838,Finance,Latin America,20162.6,18893.527173928655,-6.294192346579034
839,Company_839,Manufacturing,Oceania,2420.5,2227.3481769394057,-7.979831566229883
840,Company_840,Utilities,Africa,1721.6,2042.3101851811543,18.62861205745553
841,Company_841,Energy,Africa,392.1,184.80709811225915,-52.86735574795737
842,Company_842,Healthcare,North America,710.2,727.7533118528409,2.471601218366771
843,Company_843,Retail,Middle East,2430.5,2549.554327432028,4.898347147995392
844,Company_844,Utilities,Africa,1910.2,1822.1588223319304,-4.609003123655618
845,Company_845,Retail,Middle East,1871.7,1581.8623567318864,-15.485261701560807
846,Company_846,Energy,Middle East,1608.2,1206.6946766630645,-24.96613128571916
847,Company_847,Finance,Oceania,4425.9,4838.881404721242,9.331015267431306
848,Company_848,Manufacturing,Asia,329.1,290.2254864508359,-11.812371178718971
849,Company_849,Technology,Africa,11225.3,10183.121184898762,-9.284195657142678
850,Company_850,Healthcare,Latin America,6212.6,5119.679494637274,-17.591998605458688
851,Company_851,Energy,Oceania,536.2,429.4700627258662,-19.90487453825696
852,Company_852,Energy,Latin America,140.6,-154.08911030498348,-209.59396181008785
853,Company_853,Energy,North America,69.3,-76.1803372027216,-209.92833651186382
854,Company_854,Manufacturing,Asia,2343.5,2181.03803228121,-6.932450084010677
855,Company_855,Healthcare,Latin America,1401.9,1080.8764183084722,-22.899178378737986
856,Company_856,Healthcare,Europe,3751.1,3170.2206671981166,-15.485573106605615
857,Company_857,Retail,Europe,3558.2,3520.2691382614503,-1.0660126394960807
858,Company_858,Finance,Oceania,4774.0,3651.104364263121,-23.521064845766208
859,Company_859,Consumer Goods,North America,2758.1,3149.5845685794084,14.193994727508375
860,Company_860,Consumer Goods,Oceania,2666.6,2865.674430960693,7.465477797970937
861,Company_861,Consumer Goods,Asia,1893.4,1761.4082857958565,-6.971147892898679
862,Company_862,Finance,Latin America,5949.0,5313.359362756288,-10.68483169009434
863,Company_863,Healthcare,Asia,4213.9,3062.4113585183204,-27.325960309491904
864,Company_864,Consumer Goods,Africa,3611.4,3363.5843231905637,-6.862039010063587
865,Company_865,Consumer Goods,Asia,2209.3,1892.9636481374419,-14.318397314197181
866,Company_866,Utilities,Oceania,1108.8,1100.2544064889744,-0.7707064854821043
867,Company_867,Retail,Oceania,547.8,371.04430964161475,-32.2664641033927
868,Company_868,Technology,Oceania,41357.3,41391.82070617158,0.08346943870024719
869,Company_869,Healthcare,Africa,820.5,691.6139926528804,-15.708227586486242
870,Company_870,Finance,Latin America,10588.4,9795.191413106932,-7.491297900467192
871,Company_871,Finance,Latin America,262.7,-76.24314536298425,-129.02289507536514
872,Company_872,Consumer Goods,Latin America,2004.3,2055.8185151082516,2.570399396709658
873,Company_873,Consumer Goods,Africa,1557.5,1492.5601679295123,-4.169491625713495
874,Company_874,Manufacturing,Europe,1503.4,1368.119342546779,-8.99831431776114
875,Company_875,Healthcare,Asia,5944.8,5382.388912384296,-9.460555235091235
876,Company_876,Healthcare,Oceania,3361.4,3229.0929799026635,-3.936068902758868
877,Company_877,Retail,North America,1786.5,2062.6474176593047,15.45745410911305
878,Company_878,Consumer Goods,Asia,1469.1,1455.9454197592495,-0.895417619001458
879,Company_879,Utilities,Africa,1162.9,1178.0313438334542,1.301173259390673
880,Company_880,Retail,Latin America,7401.1,7348.510234960777,-0.7105668757241963
881,Company_881,Utilities,Middle East,1498.5,1397.7434528205413,-6.723826972269517
882,Company_882,Energy,Europe,11731.7,12315.481980929704,4.976107306952133
883,Company_883,Technology,Africa,7897.7,7100.087070883401,-10.099306495772174
884,Company_884,Consumer Goods,North America,4360.4,4526.6585640406665,3.812920008271418
885,Company_885,Consumer Goods,Middle East,2065.6,2065.7741218475912,0.008429601451942433
886,Company_886,Retail,Oceania,1128.8,1156.7205737686272,2.4734739341448675
887,Company_887,Utilities,Oceania,4003.6,3830.2999126971663,-4.328606436777741
888,Company_888,Utilities,Oceania,835.3,916.9036168268422,9.769378286465006
889,Company_889,Healthcare,Middle East,3933.7,3172.9206437260927,-19.34004515529672
890,Company_890,Utilities,Middle East,202.9,129.7663387013581,-36.044189895831394
891,Company_891,Manufacturing,North America,30093.5,24977.400883054102,-17.000678275859897
892,Company_892,Transportation,Latin America,718.2,874.494814739267,21.762018203740872
893,Company_893,Finance,Oceania,9447.8,7847.827571205882,-16.93486768130271
894,Company_894,Healthcare,North America,15518.0,14232.344471731158,-8.284930585570578
895,Company_895,Finance,Oceania,8786.7,9005.615911429173,2.491446293024371
896,Company_896,Manufacturing,North America,269.6,312.93497263032987,16.073802904425012
897,Company_897,Utilities,Oceania,709.4,706.9317077913793,-0.3479408244461108
898,Company_898,Utilities,Oceania,936.3,901.7545420898368,-3.6895714952646723
899,Company_899,Manufacturing,Asia,3580.3,3159.769429275657,-11.745679711877308
900,Company_900,Utilities,Middle East,574.9,518.7411984048413,-9.768446963847401
901,Company_901,Consumer Goods,Europe,964.6,760.1661669807208,-21.193638090325436
902,Company_902,Utilities,Africa,800.4,623.6640979234726,-22.080947285922964
903,Company_903,Manufacturing,Oceania,8544.4,7279.278668926312,-14.806438498591914
904,Company_904,Utilities,Europe,1982.5,1767.2223047201123,-10.85890014022132
905,Company_905,Manufacturing,Europe,558.7,535.145894767511,-4.215877077588878
906,Company_906,Energy,Asia,7664.5,7792.02080184262,1.6637850067534754
907,Company_907,Transportation,Oceania,968.5,851.8916485977388,-12.04009823461654
908,Company_908,Technology,Africa,8189.3,8221.149208205401,0.38891246144848557
909,Company_909,Finance,Latin America,3392.0,3910.420307562168,15.283617557846938
910,Company_910,Finance,Oceania,3283.9,2945.3132462678786,-10.310507437258181
911,Company_911,Manufacturing,Europe,438.0,393.93907931680224,-10.059570932236934
912,Company_912,Finance,North America,1765.3,1376.4202498272043,-22.029102711878753
913,Company_913,Transportation,Oceania,1184.3,1235.78688595337,4.347453006279669
914,Company_914,Utilities,Oceania,1812.5,1940.2202890287545,7.046636636069212
915,Company_915,Manufacturing,Middle East,1111.7,1397.31387682258,25.69163234888728
916,Company_916,Manufacturing,Oceania,1468.4,1356.4019053505062,-7.627219739137418
917,Company_917,Energy,Middle East,15478.0,14685.364232107877,-5.121047731568181
918,Company_918,Utilities,Asia,1848.8,1684.6763588015947,-8.877306425703443
919,Company_919,Consumer Goods,Europe,13844.0,11679.259905398616,-15.6366663868924
920,Company_920,Finance,Africa,1191.7,1018.1451535197357,-14.563635686856117
921,Company_921,Healthcare,Oceania,6613.5,5939.084781644802,-10.197553766616736
922,Company_922,Healthcare,Oceania,991.3,955.9678935800666,-3.564219350341302
923,Company_923,Transportation,Middle East,1212.3,1101.2566699643066,-9.159723668703565
924,Company_924,Retail,Africa,916.3,881.40177413316,-3.808602626524064
925,Company_925,Utilities,Africa,950.9,963.5797497877638,1.33344723817056
926,Company_926,Retail,Asia,361.5,283.40515658359163,-21.60299956193869
927,Company_927,Manufacturing,Asia,784.8,690.1221462311014,-12.06394670857525
928,Company_928,Healthcare,Oceania,7429.9,7249.348673630073,-2.4300640166075826
929,Company_929,Manufacturing,North America,1210.3,1143.9377456961993,-5.483124374436147
930,Company_930,Transportation,Africa,495.2,432.9098291007249,-12.578790569320496
931,Company_931,Energy,Middle East,2663.5,3918.553376017773,47.12045714352443
932,Company_932,Manufacturing,Latin America,324.8,226.89168306152897,-30.144186249529266
933,Company_933,Consumer Goods,Latin America,3858.1,3845.796611308857,-0.3188976099930802
934,Company_934,Consumer Goods,Middle East,2156.1,1940.205752349304,-10.013183416849678
935,Company_935,Consumer Goods,Oceania,1832.8,1567.1029872994413,-14.496781574670376
936,Company_936,Energy,Middle East,3197.2,3373.8215690411944,5.524257758075646
937,Company_937,Technology,Europe,10244.8,9306.373871751564,-9.160023897474181
938,Company_938,Consumer Goods,North America,2144.8,2024.5840703639296,-5.604994854348682
939,Company_939,Consumer Goods,Europe,701.8,695.9364378306682,-0.8355033014151855
940,Company_940,Healthcare,Asia,988.5,842.2231488680063,-14.797860509053484
941,Company_941,Consumer Goods,Oceania,7028.0,7230.965750811249,2.8879588903137257
942,Company_942,Transportation,Middle East,564.1,620.1786576955892,9.941261779044352
943,Company_943,Transportation,Oceania,1326.1,1225.3856670439764,-7.594776634946351
944,Company_944,Finance,Europe,2252.2,2289.4558160425295,1.6541966096496608
945,Company_945,Finance,Europe,3622.1,2796.3915350555017,-22.79640167153028
946,Company_946,Healthcare,Oceania,3164.0,2976.2208158677167,-5.934866755129054
947,Company_947,Retail,Latin America,3861.6,4753.004321175691,23.083807778529398
948,Company_948,Retail,Africa,1573.8,1264.6850820431036,-19.641308803971043
949,Company_949,Transportation,Middle East,1438.0,1631.1091945789922,13.429012140402794
950,Company_950,Technology,Africa,10192.6,11976.341311938064,17.50035625785436
951,Company_951,Transportation,Asia,434.5,450.685441759485,3.725072902067895
952,Company_952,Energy,Africa,6877.7,6477.996026819648,-5.811593602226785
953,Company_953,Technology,Latin America,6218.1,4779.805201229994,-23.130776262363202
954,Company_954,Utilities,Latin America,1102.1,1154.4771262426239,4.752484007134012
955,Company_955,Transportation,Asia,1216.6,1211.7951818462661,-0.3949382010302299
956,Company_956,Finance,Oceania,5813.1,5530.1804694755665,-4.866930390401573
957,Company_957,Technology,Latin America,2282.9,1649.118105268236,-27.762140029425915
958,Company_958,Healthcare,Africa,2012.2,2248.2975720842114,11.733305441020345
959,Company_959,Manufacturing,Middle East,1116.5,1170.2604928308665,4.815091162639185
960,Company_960,Energy,Asia,14943.0,13758.75045024051,-7.925112425613934
961,Company_961,Transportation,Europe,140.6,180.70229734929399,28.522259850137978
962,Company_962,Finance,Middle East,2918.7,2618.067443084812,-10.30022122572336
963,Company_963,Transportation,Africa,4739.7,5600.68564083168,18.16540373508197
964,Company_964,Technology,Middle East,8091.3,8287.378331391998,2.423322969016071
965,Company_965,Healthcare,Middle East,2952.4,2547.4991616416555,-13.71429475539712
966,Company_966,Manufacturing,Oceania,625.1,567.2958073272339,-9.247191277038254
967,Company_967,Technology,Europe,31905.9,27357.976974089255,-14.254175641216033
968,Company_968,Healthcare,North America,3253.1,3176.0502945892495,-2.3685009809335846
969,Company_969,Technology,Africa,6717.9,6948.512224693204,3.43280228483908
970,Company_970,Healthcare,Europe,6722.7,5416.023572259759,-19.43678027786813
971,Company_971,Healthcare,Africa,2317.6,2108.934434596087,-9.003519390917878
972,Company_972,Finance,Africa,1596.4,1341.4655818943393,-15.969332128893813
973,Company_973,Transportation,Latin America,476.9,452.7253873289919,-5.06911567855065
974,Company_974,Energy,Europe,19581.8,16867.53237299725,-13.861175310761768
975,Company_975,Consumer Goods,Oceania,2224.3,1983.5747296092331,-10.822518113148721
976,Company_976,Utilities,Africa,1217.3,1382.3513886157598,13.558809547010583
977,Company_977,Energy,Oceania,6501.8,5814.5333445249125,-10.570405971809155
978,Company_978,Transportation,North America,4789.9,4650.914198561231,-2.901643070602064
979,Company_979,Energy,Middle East,21474.8,20642.992481643552,-3.873412177791863
980,Company_980,Retail,Africa,3785.2,3289.3895674144987,-13.098658791754758
981,Company_981,Utilities,Africa,1803.6,1836.7663694158218,1.838898282092588
982,Company_982,Technology,Europe,6710.5,5650.982664628065,-15.788947699455102
983,Company_983,Retail,Oceania,624.9,523.7710572923643,-16.183220148445464
984,Company_984,Utilities,Latin America,326.1,320.80597483257225,-1.623436113899962
985,Company_985,Healthcare,Oceania,13583.3,11452.284252228117,-15.688497992180709
986,Company_986,Retail,Latin America,6466.6,5590.899669291872,-13.541897298551458
987,Company_987,Consumer Goods,Africa,1724.9,1667.712065223056,-3.315434794883418
988,Company_988,Consumer Goods,Europe,17491.0,16718.274667340756,-4.417845364240144
989,Company_989,Energy,Africa,6509.1,5872.959465432476,-9.773095121714597
990,Company_990,Consumer Goods,Asia,3723.8,3359.4583522099256,-9.784135769645914
991,Company_991,Transportation,Middle East,1217.1,1113.5321028867056,-8.509399154818363
992,Company_992,Consumer Goods,North America,1180.5,1370.3942958021162,16.085920864219922
993,Company_993,Healthcare,Latin America,8472.9,7104.8786197384015,-16.145845935412883
994,Company_994,Manufacturing,Europe,2372.4,2319.9039184788107,-2.2127837430951502
995,Company_995,Healthcare,Latin America,2805.6,2334.8430747857674,-16.779188951177378
996,Company_996,Healthcare,Europe,5503.9,6210.1501577268555,12.83181303669863
997,Company_997,Utilities,Africa,642.9,599.177657488608,-6.800799892890335
998,Company_998,Healthcare,Oceania,2042.3,1780.3160477460533,-12.827887786022949
999,Company_999,Finance,Asia,5700.3,5452.903162509256,-4.340066969997096
1000,Company_1000,Consumer Goods,Latin America,3173.5,3521.480407316285,10.965193235112178
