CompanyID,Sector,2025_Revenue,2026_Predicted_Revenue,2026_Growth_%,2026_Predicted_ProfitMargin_%
13,Consumer Goods,1671.6,1783.5,6.7,13.71
47,Consumer Goods,296.1,308.9,4.32,-4.63
50,Consumer Goods,2316.1,2781.3,20.09,27.96
52,Consumer Goods,2495.3,2650.0,6.2,14.43
61,Consumer Goods,3061.3,3231.0,5.54,1.51
63,Consumer Goods,1282.8,1354.3,5.57,22.41
64,Consumer Goods,2299.3,2404.6,4.58,5.1
66,Consumer Goods,1995.3,2233.2,11.92,24.3
71,Consumer Goods,4797.4,5219.7,8.8,7.78
84,Consumer Goods,4337.2,4632.3,6.8,6.69
97,Consumer Goods,2594.3,2810.8,8.34,12.47
115,Consumer Goods,337.0,348.5,3.43,7.64
119,Consumer Goods,1091.5,1102.9,1.05,10.72
120,Consumer Goods,3631.9,3953.8,8.86,6.5
127,Consumer Goods,3575.1,3886.0,8.7,8.44
132,Consumer Goods,749.5,700.5,-6.53,10.64
133,Consumer Goods,840.5,852.6,1.44,0.76
143,Consumer Goods,1370.7,1472.0,7.39,18.18
146,Consumer Goods,1017.1,1047.2,2.96,16.02
153,Consumer Goods,1132.2,1193.4,5.4,21.47
157,Consumer Goods,6055.5,5531.5,-8.65,22.43
159,Consumer Goods,1508.5,1572.8,4.27,8.77
169,Consumer Goods,1570.1,1708.4,8.81,1.75
188,Consumer Goods,6856.4,6971.4,1.68,4.59
192,Consumer Goods,744.9,776.9,4.3,18.86
200,Consumer Goods,5837.6,5794.7,-0.73,13.68
207,Consumer Goods,2020.3,2105.4,4.21,2.0
209,Consumer Goods,1890.3,1977.1,4.59,-2.66
211,Consumer Goods,1526.2,1543.2,1.11,4.86
212,Consumer Goods,1114.5,1147.1,2.92,5.02
246,Consumer Goods,3709.3,3918.4,5.64,2.83
247,Consumer Goods,806.5,796.7,-1.21,7.52
252,Consumer Goods,1828.9,1961.9,7.27,12.13
255,Consumer Goods,3439.4,3670.3,6.71,2.9
260,Consumer Goods,3595.0,3843.4,6.91,6.51
264,Consumer Goods,3492.0,4008.2,14.78,16.54
279,Consumer Goods,2146.8,2180.2,1.55,1.62
299,Consumer Goods,3325.9,3759.9,13.05,13.25
311,Consumer Goods,6459.0,6321.3,-2.13,11.24
312,Consumer Goods,390.5,379.7,-2.77,2.15
314,Consumer Goods,765.6,780.4,1.94,14.27
322,Consumer Goods,2321.6,2445.4,5.33,1.06
331,Consumer Goods,417.1,461.9,10.73,17.6
340,Consumer Goods,787.9,809.5,2.74,3.01
345,Consumer Goods,703.4,718.2,2.11,16.05
356,Consumer Goods,1345.2,1417.6,5.38,17.94
359,Consumer Goods,1422.8,1470.0,3.32,10.0
377,Consumer Goods,5860.2,5857.1,-0.05,15.12
387,Consumer Goods,2262.7,2426.6,7.24,15.91
392,Consumer Goods,2418.7,2672.4,10.49,13.33
395,Consumer Goods,2617.7,2887.7,10.31,13.05
397,Consumer Goods,8082.2,7523.6,-6.91,8.4
413,Consumer Goods,3700.7,4188.1,13.17,11.68
425,Consumer Goods,4585.4,4919.4,7.28,14.58
431,Consumer Goods,1189.8,1322.2,11.13,14.18
442,Consumer Goods,2360.5,2520.7,6.79,6.27
443,Consumer Goods,969.5,1056.2,8.94,22.72
451,Consumer Goods,7488.5,6714.7,-10.33,16.0
452,Consumer Goods,3486.7,3862.6,10.78,17.17
455,Consumer Goods,3243.5,3653.6,12.64,13.53
466,Consumer Goods,2475.3,2621.1,5.89,1.44
474,Consumer Goods,3310.2,3593.8,8.57,7.85
489,Consumer Goods,1551.2,1566.5,0.99,12.14
494,Consumer Goods,1428.2,1565.7,9.63,2.54
495,Consumer Goods,1358.9,1403.9,3.31,12.31
523,Consumer Goods,1642.3,1687.1,2.73,16.42
531,Consumer Goods,1214.3,1280.4,5.45,6.6
550,Consumer Goods,1010.2,1164.6,15.28,23.57
552,Consumer Goods,861.5,944.9,9.68,21.93
595,Consumer Goods,3953.5,3977.2,0.6,30.96
597,Consumer Goods,1704.7,1875.6,10.02,10.69
613,Consumer Goods,4774.7,4810.8,0.76,23.55
623,Consumer Goods,1161.1,1201.2,3.46,5.94
630,Consumer Goods,740.8,734.1,-0.91,12.09
636,Consumer Goods,1138.3,1155.5,1.51,-2.11
660,Consumer Goods,3396.3,3750.2,10.42,20.75
667,Consumer Goods,1665.2,1713.8,2.92,2.24
681,Consumer Goods,3100.3,3525.2,13.7,16.4
694,Consumer Goods,6571.9,6407.7,-2.5,11.19
705,Consumer Goods,3301.0,3684.2,11.61,16.04
711,Consumer Goods,4091.6,4497.8,9.93,8.9
729,Consumer Goods,9345.4,8856.6,-5.23,1.11
734,Consumer Goods,1690.8,1823.7,7.86,8.33
738,Consumer Goods,548.4,640.6,16.81,20.78
776,Consumer Goods,1096.0,1139.4,3.96,18.88
799,Consumer Goods,4349.1,4716.6,8.45,1.91
802,Consumer Goods,3595.3,3856.1,7.25,5.74
803,Consumer Goods,1873.5,1988.2,6.12,15.98
814,Consumer Goods,1967.0,2180.1,10.84,16.43
818,Consumer Goods,622.6,597.8,-3.98,8.92
832,Consumer Goods,1234.0,1259.7,2.08,8.57
833,Consumer Goods,1305.6,1401.3,7.33,7.12
859,Consumer Goods,2758.1,3045.6,10.42,12.38
860,Consumer Goods,2666.6,2882.9,8.11,13.31
861,Consumer Goods,1893.4,2088.1,10.28,13.83
864,Consumer Goods,3611.4,3990.4,10.49,12.63
865,Consumer Goods,2209.3,2356.6,6.67,2.73
872,Consumer Goods,2004.3,2128.6,6.2,18.31
873,Consumer Goods,1557.5,1542.7,-0.95,-3.8
878,Consumer Goods,1469.1,1551.0,5.57,14.94
884,Consumer Goods,4360.4,4801.0,10.11,9.62
885,Consumer Goods,2065.6,2217.9,7.37,15.14
901,Consumer Goods,964.6,993.4,2.98,8.28
919,Consumer Goods,13844.0,11352.5,-18.0,0.86
933,Consumer Goods,3858.1,4320.1,11.98,15.3
934,Consumer Goods,2156.1,2368.1,9.83,17.21
935,Consumer Goods,1832.8,1934.4,5.54,11.33
938,Consumer Goods,2144.8,2377.9,10.87,17.36
939,Consumer Goods,701.8,682.6,-2.74,10.99
941,Consumer Goods,7028.0,6871.4,-2.23,8.39
975,Consumer Goods,2224.3,2417.7,8.69,8.98
987,Consumer Goods,1724.9,1836.5,6.47,14.93
988,Consumer Goods,17491.0,12769.1,-27.0,3.32
990,Consumer Goods,3723.8,4126.4,10.81,16.15
992,Consumer Goods,1180.5,1151.9,-2.42,7.98
1000,Consumer Goods,3173.5,3556.5,12.07,17.37
11,Energy,170.6,176.9,3.68,9.64
16,Energy,1249.8,1330.2,6.44,40.13
18,Energy,14675.7,14754.4,0.54,13.66
21,Energy,1100.4,1124.0,2.14,17.5
34,Energy,21020.8,23863.9,13.53,17.02
37,Energy,4183.6,3920.5,-6.29,22.66
38,Energy,1039.9,1211.3,16.48,3.7
41,Energy,6929.7,7339.2,5.91,7.2
42,Energy,922.7,1048.8,13.67,-1.61
69,Energy,10995.3,11088.3,0.85,31.79
74,Energy,3541.1,4083.4,15.31,3.85
90,Energy,6572.5,7331.1,11.54,-1.47
98,Energy,22508.4,27237.2,21.01,7.75
101,Energy,2230.7,2374.6,6.45,-18.96
109,Energy,4129.6,4332.4,4.91,-11.6
114,Energy,754.7,809.6,7.28,1.9
122,Energy,9315.1,10546.6,13.22,-0.54
138,Energy,4835.0,4486.5,-7.21,7.15
141,Energy,7528.4,9328.6,23.91,-7.74
145,Energy,9456.7,9197.6,-2.74,37.39
147,Energy,5877.7,5649.6,-3.88,8.82
158,Energy,15874.9,19383.3,22.1,9.37
163,Energy,1893.8,2217.1,17.07,-9.44
166,Energy,896.5,1041.1,16.12,39.89
167,Energy,20645.2,25253.1,22.32,3.14
170,Energy,443.9,670.1,50.95,-16.31
172,Energy,7392.3,7294.3,-1.33,13.04
197,Energy,4374.2,4142.3,-5.3,8.46
203,Energy,3137.3,2940.6,-6.27,13.47
205,Energy,24003.0,22520.8,-6.18,48.94
244,Energy,13969.7,13634.0,-2.4,-13.94
248,Energy,12545.4,11719.6,-6.58,32.86
272,Energy,4521.2,4504.0,-0.38,30.34
285,Energy,37684.0,41613.9,10.43,3.94
302,Energy,2102.7,2148.6,2.18,13.85
303,Energy,668.7,594.3,-11.13,6.8
310,Energy,2858.9,3140.1,9.84,35.12
321,Energy,4923.2,5757.3,16.94,14.46
324,Energy,3693.2,3992.8,8.11,14.57
338,Energy,7936.2,7743.5,-2.43,0.24
342,Energy,5279.7,4989.0,-5.51,28.63
361,Energy,7391.5,7808.5,5.64,-7.47
372,Energy,22416.1,28823.7,28.58,9.58
373,Energy,16525.4,17925.4,8.47,15.65
382,Energy,5288.1,5718.7,8.14,-3.41
383,Energy,6635.9,6516.3,-1.8,41.63
389,Energy,6861.1,6906.8,0.67,4.93
390,Energy,2226.6,2246.1,0.88,47.49
399,Energy,29065.2,33877.3,16.56,23.16
401,Energy,2644.6,2622.9,-0.82,10.1
412,Energy,36923.4,42491.3,15.08,2.13
415,Energy,2136.9,2471.5,15.66,3.87
422,Energy,2179.4,2079.9,-4.56,0.95
453,Energy,3910.0,4620.8,18.18,-5.6
464,Energy,37009.3,39891.7,7.79,7.37
482,Energy,6124.6,6289.9,2.7,16.37
493,Energy,1049.1,1417.0,35.07,-18.65
514,Energy,1992.8,1911.8,-4.07,11.21
535,Energy,59585.9,70905.5,19.0,10.33
543,Energy,93522.7,92266.5,-1.34,17.4
544,Energy,11745.8,11707.0,-0.33,-16.98
546,Energy,367.0,359.9,-1.94,22.26
547,Energy,951.3,909.5,-4.39,21.5
555,Energy,2171.5,2022.0,-6.89,19.03
563,Energy,3530.9,4090.2,15.84,-6.77
564,Energy,10246.7,10805.1,5.45,1.83
569,Energy,12923.3,14263.0,10.37,10.15
570,Energy,554.7,576.6,3.95,3.69
573,Energy,2385.7,2129.8,-10.73,18.16
575,Energy,881.1,938.8,6.55,10.32
581,Energy,11619.0,15760.8,35.65,-0.74
585,Energy,12717.0,13927.8,9.52,28.2
588,Energy,15231.5,14732.8,-3.27,30.21
605,Energy,12648.6,11346.1,-10.3,35.02
611,Energy,22642.5,23887.5,5.5,29.06
625,Energy,5455.1,6013.7,10.24,3.13
628,Energy,4072.9,3747.0,-8.0,15.07
646,Energy,134253.3,103314.2,-23.05,10.04
647,Energy,5405.8,5231.4,-3.23,-3.46
651,Energy,13587.0,13359.5,-1.67,18.21
653,Energy,35.9,49.1,36.68,31.11
654,Energy,1441.7,1436.4,-0.36,5.35
685,Energy,13754.1,15842.9,15.19,-12.03
713,Energy,1794.8,2149.3,19.75,-7.74
717,Energy,24550.0,22151.7,-9.77,49.03
720,Energy,14775.2,15514.4,5.0,18.07
759,Energy,168988.9,97343.1,-42.4,-6.98
764,Energy,62170.9,75819.7,21.95,15.48
786,Energy,938.1,1035.9,10.43,27.97
804,Energy,8288.1,7985.6,-3.65,41.96
817,Energy,25950.8,29995.0,15.58,23.64
820,Energy,2098.4,2762.5,31.65,-18.49
841,Energy,392.1,377.2,-3.81,26.07
846,Energy,1608.2,2004.6,24.65,9.23
851,Energy,536.2,506.9,-5.46,14.14
852,Energy,140.6,120.4,-14.37,18.41
853,Energy,69.3,78.9,13.9,26.04
882,Energy,11731.7,14170.6,20.79,-3.66
906,Energy,7664.5,8379.3,9.33,9.96
917,Energy,15478.0,15683.3,1.33,-13.36
931,Energy,2663.5,2404.1,-9.74,24.9
936,Energy,3197.2,3625.4,13.39,-1.64
952,Energy,6877.7,6625.7,-3.66,-9.5
960,Energy,14943.0,15134.8,1.28,15.05
974,Energy,19581.8,21074.4,7.62,28.53
977,Energy,6501.8,6651.1,2.3,18.08
979,Energy,21474.8,23562.8,9.72,8.44
989,Energy,6509.1,7731.4,18.78,-5.49
5,Finance,3162.1,3155.5,-0.21,22.57
12,Finance,3577.8,3393.5,-5.15,17.71
33,Finance,1244.4,1259.3,1.2,8.58
55,Finance,625.3,691.0,10.51,10.2
86,Finance,3293.6,3330.3,1.12,9.66
105,Finance,38918.8,32929.9,-15.39,12.12
107,Finance,17816.2,17011.2,-4.52,20.63
111,Finance,1068.0,1203.5,12.69,18.44
125,Finance,5626.2,7224.3,28.4,1.1
131,Finance,36281.3,30232.2,-16.67,23.87
142,Finance,2921.6,3189.2,9.16,9.19
155,Finance,8538.9,9526.6,11.57,5.01
175,Finance,11141.7,13534.4,21.47,4.03
179,Finance,2534.0,2417.5,-4.6,13.64
181,Finance,3865.3,4004.9,3.61,26.08
228,Finance,3857.0,4007.7,3.91,15.46
229,Finance,2847.5,2980.7,4.68,8.66
237,Finance,2768.8,2912.9,5.2,4.93
241,Finance,8630.6,9828.7,13.88,2.95
242,Finance,419.9,532.7,26.86,7.33
245,Finance,4420.6,5068.5,14.66,8.81
257,Finance,2922.7,3160.3,8.13,9.51
293,Finance,9677.8,10936.3,13.0,22.41
295,Finance,3361.5,3549.8,5.6,3.13
301,Finance,1764.3,1833.5,3.92,14.67
307,Finance,10552.8,11233.5,6.45,19.03
308,Finance,2711.8,2694.3,-0.65,11.33
319,Finance,12540.3,11062.0,-11.79,27.04
325,Finance,2420.6,2656.5,9.74,-0.95
326,Finance,5512.2,6413.0,16.34,17.87
329,Finance,26371.5,22888.1,-13.21,27.17
337,Finance,6490.4,6953.4,7.13,23.85
339,Finance,3562.5,3670.1,3.02,12.59
341,Finance,26361.2,26182.9,-0.68,12.01
343,Finance,13978.9,15283.5,9.33,11.28
352,Finance,2484.9,2284.7,-8.06,12.23
353,Finance,6181.2,6865.2,11.07,26.99
368,Finance,5197.5,5476.0,5.36,18.7
396,Finance,19407.2,21417.8,10.36,16.06
398,Finance,2143.1,2316.8,8.11,6.04
405,Finance,3483.4,3588.1,3.0,12.95
424,Finance,25165.4,24371.2,-3.16,8.5
429,Finance,678.3,722.3,6.48,8.25
436,Finance,2579.4,2598.5,0.74,18.8
441,Finance,929.9,956.7,2.88,10.28
444,Finance,7387.7,8282.9,12.12,7.52
445,Finance,10265.6,9357.4,-8.85,26.14
448,Finance,13779.0,15847.5,15.01,6.18
478,Finance,11483.5,12887.5,12.23,8.49
485,Finance,1034.0,1152.4,11.45,24.31
512,Finance,8917.0,9195.5,3.12,17.43
515,Finance,18660.4,23396.0,25.38,11.68
517,Finance,3351.7,3285.7,-1.97,20.6
529,Finance,20080.1,21238.4,5.77,14.88
558,Finance,4629.6,5528.3,19.41,3.02
576,Finance,3575.9,3768.6,5.39,9.53
589,Finance,3808.6,4081.9,7.18,10.35
608,Finance,9153.0,8746.2,-4.44,22.16
614,Finance,7904.7,9072.4,14.77,2.43
640,Finance,21627.6,22641.9,4.69,15.03
645,Finance,18672.2,21224.4,13.67,11.52
649,Finance,16331.7,17787.7,8.92,4.5
652,Finance,6030.1,6261.3,3.83,17.06
655,Finance,4569.2,4852.3,6.2,19.87
656,Finance,1873.1,1795.0,-4.17,7.14
662,Finance,21719.8,21072.4,-2.98,1.24
663,Finance,24586.2,25354.8,3.13,21.23
664,Finance,7642.8,8163.0,6.81,16.09
666,Finance,7614.6,8636.6,13.42,8.46
672,Finance,14134.9,16259.3,15.03,1.92
674,Finance,1203.1,1254.9,4.3,19.8
684,Finance,1801.3,1855.5,3.01,13.7
689,Finance,1822.3,1966.2,7.9,7.92
690,Finance,4073.9,4249.5,4.31,11.65
709,Finance,8986.6,9317.8,3.69,18.49
725,Finance,7860.0,7503.9,-4.53,17.39
731,Finance,7717.8,8282.6,7.32,23.76
735,Finance,3168.8,3303.6,4.26,11.19
736,Finance,1565.1,1495.4,-4.45,15.43
743,Finance,15533.8,15742.2,1.34,16.16
750,Finance,6425.2,6024.6,-6.24,22.47
755,Finance,7730.0,8420.9,8.94,3.92
766,Finance,4173.9,4102.2,-1.72,21.74
767,Finance,22188.9,25233.2,13.72,10.13
778,Finance,1223.4,1448.8,18.42,27.23
782,Finance,13768.4,16557.6,20.26,12.8
788,Finance,2848.3,2832.9,-0.54,3.8
790,Finance,9388.8,8846.5,-5.78,27.49
792,Finance,2691.9,2835.7,5.34,20.69
801,Finance,11988.7,13026.4,8.66,6.48
806,Finance,640.4,711.2,11.06,5.44
811,Finance,34940.7,29770.7,-14.8,25.22
813,Finance,3760.6,3955.3,5.18,9.71
819,Finance,2919.5,3076.9,5.39,9.96
822,Finance,1073.9,1176.7,9.57,12.18
838,Finance,20162.6,22165.4,9.93,3.84
847,Finance,4425.9,4717.0,6.58,9.04
858,Finance,4774.0,5623.3,17.79,4.81
862,Finance,5949.0,6189.3,4.04,12.02
870,Finance,10588.4,11722.8,10.71,2.04
871,Finance,262.7,477.3,81.68,16.63
893,Finance,9447.8,10533.9,11.5,10.18
895,Finance,8786.7,8684.0,-1.17,15.08
909,Finance,3392.0,3354.6,-1.1,26.54
910,Finance,3283.9,3399.8,3.53,15.97
912,Finance,1765.3,1867.4,5.78,17.59
920,Finance,1191.7,1230.5,3.26,23.99
944,Finance,2252.2,2194.3,-2.57,18.67
945,Finance,3622.1,4063.0,12.17,3.34
956,Finance,5813.1,6218.0,6.96,15.69
962,Finance,2918.7,2948.1,1.01,15.29
972,Finance,1596.4,1676.8,5.03,22.86
999,Finance,5700.3,5574.6,-2.21,21.55
7,Healthcare,6444.2,5830.6,-9.52,0.02
8,Healthcare,7117.1,7487.3,5.2,10.32
15,Healthcare,11489.1,13902.1,21.0,28.39
23,Healthcare,924.5,1005.9,8.81,25.5
26,Healthcare,13120.6,14010.0,6.78,30.31
27,Healthcare,6291.5,7434.6,18.17,9.74
35,Healthcare,2196.1,2411.0,9.79,13.04
36,Healthcare,2872.1,3156.6,9.91,29.74
44,Healthcare,11371.6,11976.5,5.32,33.22
46,Healthcare,12120.4,14062.9,16.03,14.83
54,Healthcare,13316.3,17686.2,32.82,22.74
79,Healthcare,10727.6,11193.5,4.34,30.58
81,Healthcare,5215.9,5326.1,2.11,7.25
83,Healthcare,3696.9,3586.8,-2.98,9.52
92,Healthcare,2801.1,2448.6,-12.58,25.26
99,Healthcare,10538.8,11624.4,10.3,5.09
108,Healthcare,23168.0,23567.2,1.72,4.39
110,Healthcare,4373.5,5130.1,17.3,17.16
129,Healthcare,2423.2,2444.0,0.86,13.52
134,Healthcare,9486.5,11120.2,17.22,10.65
148,Healthcare,19327.6,17870.4,-7.54,-6.59
151,Healthcare,14651.3,15366.9,4.88,-0.88
168,Healthcare,2673.6,2644.3,-1.09,33.17
176,Healthcare,3654.2,3814.6,4.39,19.01
189,Healthcare,2345.5,2302.3,-1.84,6.53
196,Healthcare,9441.1,9518.2,0.82,0.2
221,Healthcare,7864.2,8503.8,8.13,20.63
226,Healthcare,2743.9,2816.7,2.65,30.62
235,Healthcare,647.8,623.3,-3.79,14.05
249,Healthcare,1214.3,1126.0,-7.28,12.58
258,Healthcare,10126.6,12201.6,20.49,15.42
259,Healthcare,405.0,473.3,16.87,13.2
269,Healthcare,428.5,479.9,11.98,2.4
271,Healthcare,7882.9,9472.5,20.17,30.05
275,Healthcare,6855.6,7781.2,13.5,22.55
281,Healthcare,1384.6,1229.7,-11.19,2.12
289,Healthcare,2441.1,2237.4,-8.34,11.07
294,Healthcare,874.4,831.4,-4.92,7.14
306,Healthcare,1332.8,1220.4,-8.43,14.58
316,Healthcare,27189.4,34884.6,28.3,21.43
323,Healthcare,3721.2,3910.7,5.09,18.97
348,Healthcare,6299.4,6898.4,9.51,11.43
374,Healthcare,10380.2,11939.8,15.02,27.78
384,Healthcare,13370.6,15453.7,15.58,14.02
404,Healthcare,3916.2,3927.6,0.29,2.02
407,Healthcare,538.8,572.8,6.3,13.03
409,Healthcare,51738.7,45505.8,-12.05,13.96
411,Healthcare,11175.9,14866.3,33.02,14.91
416,Healthcare,3075.0,3135.4,1.97,0.71
419,Healthcare,2997.5,2825.9,-5.72,0.92
423,Healthcare,5007.2,4980.4,-0.54,12.7
430,Healthcare,21277.3,23834.2,12.02,5.45
472,Healthcare,4953.8,5216.5,5.3,15.59
486,Healthcare,1983.6,2003.5,1.01,25.78
511,Healthcare,3630.3,3840.4,5.79,7.81
513,Healthcare,2058.8,2233.1,8.47,20.1
539,Healthcare,5483.8,5729.9,4.49,29.56
557,Healthcare,11534.9,12930.1,12.1,2.48
561,Healthcare,3898.4,4698.8,20.53,30.02
566,Healthcare,2584.5,2644.7,2.33,15.64
567,Healthcare,1799.4,1886.9,4.86,23.58
568,Healthcare,1116.4,991.1,-11.22,18.0
582,Healthcare,4532.4,5100.8,12.54,19.71
583,Healthcare,9455.1,12148.0,28.48,17.33
584,Healthcare,5001.4,5571.6,11.4,9.52
587,Healthcare,4663.1,5069.3,8.71,25.64
607,Healthcare,61413.6,55597.5,-9.47,24.21
617,Healthcare,9950.0,10403.0,4.55,-2.48
619,Healthcare,977.3,859.1,-12.09,8.77
624,Healthcare,2518.7,2425.2,-3.71,20.99
626,Healthcare,10774.6,12620.1,17.13,4.47
634,Healthcare,1595.4,1639.7,2.77,26.85
638,Healthcare,10604.8,11863.7,11.87,19.32
639,Healthcare,2788.2,3213.1,15.24,0.79
650,Healthcare,2996.5,2898.1,-3.28,28.7
673,Healthcare,2465.1,2370.0,-3.86,7.39
680,Healthcare,4976.8,5661.1,13.75,23.97
691,Healthcare,7986.6,9000.2,12.69,17.91
692,Healthcare,2820.5,2984.0,5.8,1.13
696,Healthcare,3939.9,4050.8,2.82,13.44
697,Healthcare,2102.3,1991.6,-5.27,6.61
706,Healthcare,10314.8,11650.9,12.95,15.39
712,Healthcare,4173.7,4053.0,-2.89,26.41
718,Healthcare,1532.1,1501.3,-2.01,25.35
722,Healthcare,5365.9,6048.4,12.72,13.11
726,Healthcare,3204.0,3206.6,0.08,23.36
748,Healthcare,1035.8,1026.7,-0.88,19.4
752,Healthcare,15349.4,16150.0,5.22,-2.0
753,Healthcare,1327.0,1468.3,10.65,33.57
758,Healthcare,36695.2,32509.0,-11.41,7.86
768,Healthcare,10405.1,12912.3,24.1,10.75
796,Healthcare,12278.1,14160.9,15.33,14.3
805,Healthcare,822.8,735.9,-10.56,3.26
810,Healthcare,4636.3,4546.1,-1.95,23.99
835,Healthcare,5191.5,6073.2,16.98,26.37
837,Healthcare,2234.8,2164.0,-3.17,22.31
842,Healthcare,710.2,704.2,-0.85,19.01
850,Healthcare,6212.6,7300.2,17.51,9.67
855,Healthcare,1401.9,1344.8,-4.07,19.19
856,Healthcare,3751.1,4105.8,9.45,23.01
863,Healthcare,4213.9,4949.8,17.46,18.22
869,Healthcare,820.5,1017.3,23.98,29.61
875,Healthcare,5944.8,6508.8,9.49,24.23
876,Healthcare,3361.4,3491.8,3.88,17.84
889,Healthcare,3933.7,4147.9,5.44,14.72
894,Healthcare,15518.0,16984.0,9.45,11.59
921,Healthcare,6613.5,8128.1,22.9,27.62
922,Healthcare,991.3,924.7,-6.72,13.04
928,Healthcare,7429.9,8828.8,18.83,26.52
940,Healthcare,988.5,1003.1,1.47,14.71
946,Healthcare,3164.0,3144.0,-0.63,17.93
958,Healthcare,2012.2,2028.8,0.82,25.37
965,Healthcare,2952.4,3119.0,5.64,24.41
968,Healthcare,3253.1,3179.2,-2.27,3.7
970,Healthcare,6722.7,8231.6,22.44,14.35
971,Healthcare,2317.6,2322.9,0.23,12.83
985,Healthcare,13583.3,16014.1,17.9,14.54
993,Healthcare,8472.9,9144.9,7.93,17.44
995,Healthcare,2805.6,2720.0,-3.05,9.25
996,Healthcare,5503.9,6610.6,20.11,22.51
998,Healthcare,2042.3,2175.3,6.51,30.54
22,Manufacturing,1009.7,1103.4,9.28,11.13
60,Manufacturing,1335.2,1402.3,5.03,6.51
67,Manufacturing,462.2,519.4,12.37,6.64
68,Manufacturing,6162.4,5157.9,-16.3,27.59
85,Manufacturing,2382.0,2577.2,8.2,-0.56
88,Manufacturing,1624.2,1769.3,8.93,0.91
91,Manufacturing,2792.0,2836.3,1.59,30.23
96,Manufacturing,2353.3,2519.4,7.06,-2.86
100,Manufacturing,1664.3,1785.1,7.26,-7.44
106,Manufacturing,3263.0,3206.1,-1.74,24.46
113,Manufacturing,6715.5,7842.1,16.78,6.97
124,Manufacturing,1321.9,1303.7,-1.37,14.75
126,Manufacturing,4331.6,4617.3,6.6,4.71
130,Manufacturing,1816.2,1926.6,6.08,22.79
136,Manufacturing,1033.5,1202.3,16.33,6.07
137,Manufacturing,879.9,866.7,-1.5,6.78
140,Manufacturing,959.4,998.8,4.11,10.71
150,Manufacturing,2485.5,2545.7,2.42,-14.12
154,Manufacturing,3573.5,3736.4,4.56,9.36
165,Manufacturing,3270.8,3416.0,4.44,5.53
177,Manufacturing,2639.9,2727.9,3.33,23.13
182,Manufacturing,3164.3,3300.0,4.29,10.45
186,Manufacturing,2602.3,2904.8,11.62,3.57
191,Manufacturing,1004.8,1045.6,4.06,8.86
193,Manufacturing,3522.6,3734.9,6.03,10.56
194,Manufacturing,1137.5,1141.7,0.37,5.5
198,Manufacturing,370.0,483.9,30.77,14.55
206,Manufacturing,904.7,931.6,2.97,17.35
208,Manufacturing,22083.6,18915.4,-14.35,0.91
217,Manufacturing,3197.6,3371.3,5.43,7.54
224,Manufacturing,2588.3,2942.0,13.67,16.86
232,Manufacturing,1257.4,1350.6,7.41,14.41
239,Manufacturing,801.6,836.3,4.33,11.48
250,Manufacturing,3429.0,3699.3,7.88,-2.29
256,Manufacturing,919.1,972.0,5.75,14.52
265,Manufacturing,481.0,552.0,14.76,0.38
270,Manufacturing,7241.8,8229.2,13.63,5.37
300,Manufacturing,1179.3,1199.5,1.71,5.3
305,Manufacturing,9443.5,10237.9,8.41,-1.24
354,Manufacturing,2071.6,2225.9,7.45,-11.55
363,Manufacturing,1489.9,1636.9,9.87,6.51
366,Manufacturing,827.4,825.5,-0.23,10.02
379,Manufacturing,3822.5,4062.8,6.29,2.68
388,Manufacturing,729.1,773.6,6.11,5.34
400,Manufacturing,556.7,663.4,19.17,-5.61
410,Manufacturing,3396.4,3491.3,2.8,11.97
418,Manufacturing,823.4,831.6,0.99,6.57
420,Manufacturing,2800.7,3084.1,10.12,8.74
427,Manufacturing,1094.7,1119.9,2.3,10.77
428,Manufacturing,6717.6,5555.7,-17.3,-14.63
446,Manufacturing,3027.3,3212.4,6.11,18.98
449,Manufacturing,2346.0,2537.3,8.16,1.87
454,Manufacturing,2136.6,2421.6,13.34,6.81
467,Manufacturing,1357.5,1523.6,12.24,7.81
477,Manufacturing,1697.0,1978.7,16.6,4.21
484,Manufacturing,2067.9,2332.3,12.79,12.18
492,Manufacturing,2385.0,2473.0,3.69,-7.62
496,Manufacturing,2784.7,3086.8,10.85,1.79
502,Manufacturing,398.0,465.0,16.83,11.85
503,Manufacturing,7727.0,8370.7,8.33,12.62
507,Manufacturing,1012.3,1042.4,2.97,14.02
520,Manufacturing,2636.6,2790.4,5.83,22.77
530,Manufacturing,1168.9,1237.7,5.89,11.99
534,Manufacturing,1742.5,1743.4,0.05,3.47
545,Manufacturing,6202.3,6729.4,8.5,14.01
554,Manufacturing,2035.9,2239.8,10.02,-6.55
559,Manufacturing,4629.8,5026.2,8.56,8.55
577,Manufacturing,449.2,512.3,14.05,3.06
590,Manufacturing,2649.3,2778.5,4.88,21.9
591,Manufacturing,2138.3,2390.2,11.78,-1.28
593,Manufacturing,7945.7,9065.7,14.1,10.65
609,Manufacturing,6094.2,6158.4,1.05,16.24
631,Manufacturing,1157.2,1263.4,9.17,5.82
641,Manufacturing,1163.4,1228.3,5.58,18.33
643,Manufacturing,16492.3,15287.7,-7.3,-1.71
657,Manufacturing,492.6,560.7,13.83,-1.98
683,Manufacturing,1616.0,1778.1,10.03,1.64
695,Manufacturing,834.7,843.6,1.07,6.08
702,Manufacturing,2702.9,2831.8,4.77,8.52
710,Manufacturing,3731.9,3931.0,5.34,10.86
721,Manufacturing,771.4,912.0,18.23,19.2
723,Manufacturing,15963.6,15341.7,-3.9,10.06
730,Manufacturing,332.5,399.7,20.21,1.75
740,Manufacturing,607.4,655.6,7.93,14.25
747,Manufacturing,1771.6,2004.7,13.16,11.58
760,Manufacturing,2198.5,2355.9,7.16,-8.72
769,Manufacturing,2204.1,2484.8,12.74,-5.83
773,Manufacturing,502.1,571.9,13.9,0.71
775,Manufacturing,514.8,665.7,29.3,17.68
783,Manufacturing,5708.4,6190.3,8.44,7.61
784,Manufacturing,910.6,988.6,8.57,12.21
793,Manufacturing,1317.7,1354.8,2.82,14.94
797,Manufacturing,1185.3,1229.1,3.69,14.19
812,Manufacturing,522.2,591.0,13.17,15.48
816,Manufacturing,5486.0,5961.6,8.67,-3.96
821,Manufacturing,1389.8,1439.1,3.54,16.35
829,Manufacturing,3138.4,3468.1,10.5,6.61
830,Manufacturing,3772.6,3727.8,-1.19,20.34
831,Manufacturing,2463.0,2657.4,7.89,12.68
839,Manufacturing,2420.5,2605.3,7.64,18.01
848,Manufacturing,329.1,386.5,17.44,11.06
854,Manufacturing,2343.5,2417.6,3.16,7.74
874,Manufacturing,1503.4,1585.5,5.46,3.62
891,Manufacturing,30093.5,22783.3,-24.29,5.13
896,Manufacturing,269.6,379.5,40.75,-2.28
899,Manufacturing,3580.3,3765.1,5.16,15.55
903,Manufacturing,8544.4,9586.8,12.2,8.72
905,Manufacturing,558.7,635.3,13.72,7.48
911,Manufacturing,438.0,492.7,12.49,0.9
915,Manufacturing,1111.7,1194.5,7.45,7.4
916,Manufacturing,1468.4,1511.2,2.92,10.04
927,Manufacturing,784.8,801.4,2.11,10.59
929,Manufacturing,1210.3,1226.7,1.36,8.25
932,Manufacturing,324.8,389.8,20.0,7.6
959,Manufacturing,1116.5,1178.3,5.54,18.76
966,Manufacturing,625.1,661.8,5.87,5.79
994,Manufacturing,2372.4,2596.0,9.42,-2.52
1,Retail,734.5,755.3,2.83,4.6
2,Retail,4371.5,4456.7,1.95,-1.43
45,Retail,662.3,715.7,8.07,0.16
49,Retail,656.1,683.7,4.21,7.4
70,Retail,2379.3,2546.4,7.02,1.77
93,Retail,502.4,547.4,8.95,6.34
95,Retail,1350.4,1291.5,-4.36,14.99
102,Retail,1463.2,1517.9,3.74,1.64
103,Retail,1304.8,1307.3,0.19,8.28
112,Retail,593.1,649.0,9.42,-1.01
116,Retail,386.8,430.6,11.33,-1.29
117,Retail,1302.8,1238.2,-4.96,14.41
118,Retail,1054.9,1063.8,0.85,1.45
121,Retail,763.9,802.7,5.07,-0.17
139,Retail,1162.0,1161.1,-0.08,5.65
164,Retail,698.8,740.3,5.93,6.34
183,Retail,791.8,798.6,0.86,3.54
199,Retail,743.0,774.1,4.19,9.67
204,Retail,1091.4,1137.0,4.18,12.58
210,Retail,1275.6,1334.0,4.58,3.36
225,Retail,1543.7,1656.2,7.29,9.68
236,Retail,2071.9,2162.4,4.37,4.54
238,Retail,946.4,961.1,1.55,4.33
254,Retail,1274.3,1309.3,2.75,10.72
267,Retail,1940.9,1871.3,-3.59,13.08
283,Retail,953.5,982.9,3.08,3.34
284,Retail,538.9,570.3,5.83,6.62
297,Retail,797.5,850.3,6.62,11.94
327,Retail,669.4,720.7,7.66,-1.36
328,Retail,2343.4,2243.0,-4.28,10.92
336,Retail,2451.7,2375.8,-3.09,8.8
360,Retail,857.4,920.5,7.36,-3.54
365,Retail,2817.8,2951.2,4.73,6.18
371,Retail,1164.2,1231.6,5.79,-1.2
380,Retail,741.5,792.0,6.8,10.28
391,Retail,937.4,978.5,4.39,-2.37
403,Retail,10010.2,8603.6,-14.05,-2.99
408,Retail,1657.9,1733.0,4.53,6.05
414,Retail,361.2,414.4,14.72,-0.31
421,Retail,1338.1,1422.7,6.32,6.13
433,Retail,12701.6,10306.4,-18.86,13.17
435,Retail,3007.8,2962.4,-1.51,15.34
440,Retail,692.9,723.9,4.47,3.4
465,Retail,1217.1,1269.7,4.32,3.96
469,Retail,1981.9,2195.9,10.8,1.13
473,Retail,810.8,845.3,4.26,5.17
476,Retail,1745.6,1748.7,0.18,9.77
480,Retail,574.3,637.2,10.96,3.33
490,Retail,3460.4,3732.0,7.85,9.08
501,Retail,789.9,821.9,4.05,3.97
504,Retail,6532.5,6451.4,-1.24,0.57
506,Retail,10284.8,8369.4,-18.62,18.46
519,Retail,2704.7,3070.1,13.51,5.1
527,Retail,961.2,949.8,-1.18,12.72
532,Retail,498.1,532.3,6.86,6.49
537,Retail,1024.1,1059.1,3.42,-1.2
548,Retail,9800.9,8580.9,-12.45,8.74
551,Retail,1774.5,1738.1,-2.05,10.34
553,Retail,3308.7,3230.8,-2.35,10.78
571,Retail,3435.3,3527.1,2.67,-0.68
572,Retail,2697.3,2702.7,0.2,9.74
579,Retail,1491.3,1556.5,4.37,5.32
601,Retail,706.0,747.8,5.92,-1.53
604,Retail,972.5,963.4,-0.94,12.71
616,Retail,1738.0,1857.9,6.9,2.84
620,Retail,3556.8,3992.0,12.24,8.86
629,Retail,2555.2,2550.7,-0.18,11.61
642,Retail,1619.5,1608.0,-0.71,6.18
661,Retail,1973.9,1926.2,-2.42,9.73
668,Retail,6691.6,7061.0,5.52,13.1
669,Retail,431.5,495.9,14.91,13.88
678,Retail,4851.3,5256.2,8.35,-0.03
679,Retail,1150.2,1191.5,3.59,6.77
687,Retail,9088.5,7637.8,-15.96,0.64
693,Retail,709.8,733.4,3.32,1.2
698,Retail,2719.7,2640.3,-2.92,3.75
703,Retail,835.0,876.7,5.0,10.0
708,Retail,639.8,658.0,2.84,12.66
716,Retail,389.9,446.2,14.44,-0.13
719,Retail,853.3,895.0,4.89,2.49
724,Retail,433.9,495.3,14.15,13.43
727,Retail,2543.6,2684.3,5.53,2.12
728,Retail,3793.2,3825.5,0.85,13.77
741,Retail,1051.2,1036.2,-1.43,12.09
749,Retail,475.0,585.3,23.22,-4.57
770,Retail,1028.2,1032.3,0.4,10.17
779,Retail,2834.1,3014.0,6.35,0.66
785,Retail,728.5,767.4,5.35,4.31
791,Retail,2005.8,2043.9,1.9,9.42
823,Retail,1722.7,1813.8,5.29,4.65
827,Retail,3143.5,2980.2,-5.2,13.75
836,Retail,247.2,359.1,45.27,-1.16
843,Retail,2430.5,2304.1,-5.2,13.65
845,Retail,1871.7,2040.7,9.03,0.29
857,Retail,3558.2,3856.4,8.38,-0.05
867,Retail,547.8,577.8,5.47,4.86
877,Retail,1786.5,1905.1,6.64,3.31
880,Retail,7401.1,6735.1,-9.0,0.1
886,Retail,1128.8,1122.2,-0.58,9.51
924,Retail,916.3,959.0,4.66,1.33
926,Retail,361.5,407.4,12.7,9.32
947,Retail,3861.6,4001.9,3.63,8.16
948,Retail,1573.8,1718.0,9.17,2.68
980,Retail,3785.2,3986.3,5.31,-4.63
983,Retail,624.9,663.6,6.19,7.97
986,Retail,6466.6,6516.5,0.77,-1.73
4,Technology,7675.6,8103.3,5.57,22.85
9,Technology,6764.0,6967.8,3.01,3.87
10,Technology,104787.3,99921.1,-4.64,15.76
19,Technology,180810.4,128145.2,-29.13,0.5
20,Technology,8581.5,9223.8,7.48,18.0
24,Technology,16884.5,16749.8,-0.8,30.25
28,Technology,6674.2,7262.0,8.81,17.52
48,Technology,4740.9,5467.1,15.32,22.82
62,Technology,10231.1,11717.2,14.53,27.07
75,Technology,5019.2,5661.3,12.79,18.16
76,Technology,22155.4,20354.3,-8.13,31.08
78,Technology,6942.5,7474.5,7.66,9.42
82,Technology,6096.2,6946.4,13.95,32.03
87,Technology,58549.7,57718.3,-1.42,15.55
104,Technology,9998.8,11519.1,15.2,26.85
123,Technology,137883.0,106523.0,-22.74,20.82
149,Technology,26430.6,30839.8,16.68,11.93
152,Technology,22132.7,21507.9,-2.82,29.86
156,Technology,8293.8,8088.3,-2.48,2.88
161,Technology,4883.4,5471.8,12.05,25.62
162,Technology,70943.6,63328.7,-10.73,-0.48
190,Technology,6410.6,7117.2,11.02,21.82
213,Technology,57751.7,42990.4,-25.56,30.01
222,Technology,24496.5,24804.2,1.26,5.29
231,Technology,4959.3,5334.0,7.56,15.24
253,Technology,3360.5,3627.1,7.93,18.54
266,Technology,11051.7,10951.8,-0.9,-3.28
268,Technology,8550.5,10242.9,19.79,14.92
288,Technology,54400.6,56880.2,4.56,20.73
291,Technology,25251.7,27219.3,7.79,6.22
304,Technology,19897.3,19071.5,-4.15,2.72
317,Technology,3696.6,3892.6,5.3,15.49
320,Technology,10151.2,11130.7,9.65,23.64
333,Technology,22843.0,25582.5,11.99,22.94
334,Technology,17950.9,17320.3,-3.51,16.19
344,Technology,7000.5,7780.9,11.15,21.07
347,Technology,91780.1,81981.9,-10.68,19.49
355,Technology,83356.1,80022.6,-4.0,18.32
362,Technology,4837.3,5405.2,11.74,20.91
370,Technology,7425.1,8230.0,10.84,4.76
376,Technology,1559.1,1776.5,13.94,11.71
378,Technology,2554.2,3331.3,30.42,33.31
402,Technology,1996.2,2153.3,7.87,22.81
432,Technology,681.0,954.4,40.14,26.44
437,Technology,1331.4,1527.5,14.73,20.6
460,Technology,5487.6,6163.6,12.32,21.98
461,Technology,1658.9,1913.3,15.33,21.02
462,Technology,51770.7,54497.2,5.27,10.34
463,Technology,144823.6,103585.3,-28.47,17.04
470,Technology,13820.7,15326.2,10.89,24.62
475,Technology,15423.2,15098.7,-2.1,19.5
487,Technology,35369.4,31314.7,-11.46,30.41
498,Technology,36032.9,38714.4,7.44,9.94
509,Technology,24246.4,24634.7,1.6,8.04
521,Technology,9643.8,10316.5,6.98,11.67
533,Technology,18913.3,19996.7,5.73,16.73
541,Technology,3035.3,3925.4,29.33,30.56
560,Technology,7364.4,8232.8,11.79,16.0
580,Technology,3320.8,3779.7,13.82,1.26
596,Technology,119460.4,99356.2,-16.83,14.96
600,Technology,6755.8,6880.6,1.85,5.82
602,Technology,11698.9,12063.8,3.12,5.3
610,Technology,7669.6,8217.6,7.15,17.5
659,Technology,8177.9,8994.2,9.98,30.8
665,Technology,11384.2,12726.8,11.79,15.39
670,Technology,25759.0,25130.5,-2.44,24.49
671,Technology,19454.9,21773.0,11.92,16.52
682,Technology,8909.8,10008.9,12.34,19.42
688,Technology,3467.4,3862.0,11.38,12.11
700,Technology,18422.8,19269.9,4.6,18.07
715,Technology,4688.2,5486.2,17.02,26.22
737,Technology,5984.4,7150.5,19.48,27.35
756,Technology,18906.3,19588.2,3.61,27.9
761,Technology,79180.5,70302.4,-11.21,6.85
762,Technology,14771.9,15340.8,3.85,16.17
763,Technology,2831.6,3145.4,11.08,21.51
781,Technology,8059.4,8351.1,3.62,30.66
794,Technology,13767.0,14665.2,6.52,15.71
795,Technology,48165.3,49488.5,2.75,8.21
808,Technology,12974.1,14491.6,11.7,28.38
815,Technology,23043.7,25400.3,10.23,15.14
828,Technology,24884.9,27464.0,10.36,26.42
834,Technology,19224.2,21330.1,10.95,12.04
849,Technology,11225.3,12586.5,12.13,31.37
868,Technology,41357.3,36468.9,-11.82,6.15
883,Technology,7897.7,9328.1,18.11,22.02
908,Technology,8189.3,9017.1,10.11,9.76
937,Technology,10244.8,11782.8,15.01,28.48
950,Technology,10192.6,11634.5,14.15,27.23
953,Technology,6218.1,6648.6,6.92,17.93
957,Technology,2282.9,2836.9,24.27,23.73
964,Technology,8091.3,8679.7,7.27,11.8
967,Technology,31905.9,33728.7,5.71,6.73
969,Technology,6717.9,7040.5,4.8,13.71
982,Technology,6710.5,7855.0,17.05,30.81
3,Transportation,479.8,485.8,1.26,11.09
6,Transportation,3297.0,3332.6,1.08,-8.11
14,Transportation,1623.4,1815.4,11.83,4.92
29,Transportation,638.4,588.7,-7.79,15.27
30,Transportation,1356.5,1472.5,8.55,1.34
31,Transportation,836.2,808.6,-3.3,-4.75
39,Transportation,2744.5,2972.3,8.3,5.18
40,Transportation,4126.1,3968.4,-3.82,1.21
43,Transportation,423.4,407.3,-3.81,-2.22
51,Transportation,299.0,296.9,-0.71,-6.24
58,Transportation,742.1,762.5,2.75,0.64
65,Transportation,814.4,802.2,-1.5,-4.39
73,Transportation,2043.7,2322.1,13.62,2.78
135,Transportation,1673.3,1811.1,8.23,2.81
173,Transportation,1023.4,1056.5,3.23,1.49
174,Transportation,223.6,237.1,6.02,-11.32
178,Transportation,6860.0,5825.8,-15.08,5.18
185,Transportation,793.8,878.8,10.7,-4.64
195,Transportation,1703.0,1818.9,6.81,10.14
216,Transportation,3973.8,3957.6,-0.41,-3.87
219,Transportation,716.5,722.1,0.78,-9.16
220,Transportation,178.5,196.5,10.11,4.14
223,Transportation,216.4,222.4,2.77,-3.18
227,Transportation,1350.3,1460.1,8.13,4.48
230,Transportation,549.4,569.7,3.7,7.29
233,Transportation,1426.5,1417.2,-0.65,0.61
240,Transportation,4040.5,3908.8,-3.26,16.99
243,Transportation,766.7,823.4,7.39,6.3
251,Transportation,1020.4,1073.0,5.16,14.79
262,Transportation,1780.7,1759.5,-1.19,24.1
273,Transportation,409.5,378.2,-7.63,-6.36
274,Transportation,1122.8,1146.8,2.14,9.19
276,Transportation,975.9,987.4,1.18,-0.48
277,Transportation,769.7,798.0,3.67,6.37
280,Transportation,506.5,501.2,-1.05,29.59
282,Transportation,2359.5,2523.9,6.97,6.21
286,Transportation,1486.7,1549.7,4.24,3.78
287,Transportation,271.6,270.5,-0.41,1.97
290,Transportation,2844.3,2898.4,1.9,13.9
309,Transportation,4719.9,4591.0,-2.73,5.23
318,Transportation,637.8,616.6,-3.32,5.35
330,Transportation,1523.1,1342.2,-11.88,29.29
346,Transportation,1015.1,1059.8,4.41,-5.26
357,Transportation,3721.9,3754.6,0.88,9.26
375,Transportation,329.2,312.6,-5.03,2.8
385,Transportation,238.8,246.4,3.18,2.33
393,Transportation,1186.3,1356.8,14.37,1.39
394,Transportation,2782.3,2913.6,4.72,1.44
417,Transportation,568.0,616.8,8.59,9.72
426,Transportation,2326.8,2298.8,-1.2,24.85
434,Transportation,1054.4,1183.3,12.22,1.62
438,Transportation,2089.6,2196.7,5.12,19.32
457,Transportation,3671.9,3291.6,-10.36,24.62
458,Transportation,6688.3,5563.0,-16.83,8.38
459,Transportation,1232.1,1383.0,12.25,0.58
479,Transportation,997.1,1055.9,5.89,3.59
481,Transportation,687.4,705.8,2.68,3.86
483,Transportation,1216.0,1364.3,12.2,-6.79
491,Transportation,617.0,558.3,-9.51,22.39
499,Transportation,1267.1,1454.0,14.75,9.83
505,Transportation,251.9,264.8,5.1,19.58
522,Transportation,298.0,278.9,-6.41,-11.13
524,Transportation,2616.6,2721.6,4.01,10.19
536,Transportation,359.4,355.4,-1.11,20.98
538,Transportation,1222.7,1265.9,3.53,18.82
542,Transportation,1082.2,1222.0,12.92,-1.99
556,Transportation,3052.8,3192.3,4.57,2.06
562,Transportation,466.3,456.0,-2.22,16.87
574,Transportation,1971.9,1990.4,0.94,-2.72
578,Transportation,1828.3,1891.4,3.45,0.54
586,Transportation,988.1,983.1,-0.51,-13.44
599,Transportation,209.8,209.6,-0.07,3.34
606,Transportation,5758.4,5202.2,-9.66,1.67
615,Transportation,1136.3,1144.7,0.74,-12.58
621,Transportation,368.1,354.0,-3.83,12.02
622,Transportation,1726.2,1735.9,0.56,10.59
627,Transportation,823.6,858.1,4.19,14.46
632,Transportation,2232.6,2302.0,3.11,-4.25
635,Transportation,870.1,891.3,2.43,3.43
644,Transportation,1680.7,1733.3,3.13,7.52
675,Transportation,2790.4,2811.9,0.77,2.3
676,Transportation,660.8,655.7,-0.78,0.74
686,Transportation,350.0,340.9,-2.6,-1.48
699,Transportation,845.0,869.2,2.87,-8.24
701,Transportation,170.0,189.8,11.63,0.38
714,Transportation,131.4,173.1,31.72,11.98
732,Transportation,3310.2,3447.9,4.16,-8.91
742,Transportation,1653.7,1870.9,13.13,9.52
744,Transportation,4228.7,3965.7,-6.22,5.11
746,Transportation,1698.2,1794.9,5.7,1.05
751,Transportation,223.8,225.3,0.67,-1.06
754,Transportation,2340.5,2568.7,9.75,9.22
757,Transportation,551.5,539.7,-2.15,-2.69
765,Transportation,1440.4,1543.0,7.12,4.51
771,Transportation,284.6,318.2,11.82,25.73
772,Transportation,1055.4,1091.0,3.37,1.13
780,Transportation,451.6,413.7,-8.4,17.35
798,Transportation,237.4,245.3,3.33,0.79
800,Transportation,3081.5,3014.2,-2.18,14.58
807,Transportation,1169.9,1213.2,3.7,8.91
824,Transportation,797.5,826.9,3.69,16.87
826,Transportation,715.1,693.7,-2.99,22.2
892,Transportation,718.2,707.1,-1.55,-0.58
907,Transportation,968.5,1046.0,8.0,0.2
913,Transportation,1184.3,1209.7,2.15,-1.61
923,Transportation,1212.3,1340.1,10.54,1.19
930,Transportation,495.2,478.4,-3.4,-2.92
942,Transportation,564.1,541.0,-4.09,-0.8
943,Transportation,1326.1,1399.4,5.53,18.13
949,Transportation,1438.0,1500.2,4.33,-8.71
951,Transportation,434.5,411.2,-5.36,-6.51
955,Transportation,1216.6,1241.5,2.04,-12.34
961,Transportation,140.6,174.1,23.84,2.78
963,Transportation,4739.7,4254.2,-10.24,10.49
973,Transportation,476.9,472.5,-0.91,3.83
978,Transportation,4789.9,4232.9,-11.63,17.34
991,Transportation,1217.1,1320.7,8.51,3.46
17,Utilities,4630.8,3538.6,-23.58,16.6
25,Utilities,522.7,570.8,9.2,10.09
32,Utilities,556.0,617.3,11.02,7.65
53,Utilities,656.7,698.7,6.39,9.22
56,Utilities,774.0,802.9,3.73,10.66
57,Utilities,1102.7,1274.9,15.62,-0.71
59,Utilities,657.1,641.5,-2.38,13.32
72,Utilities,705.0,757.0,7.37,8.84
77,Utilities,422.1,531.7,25.96,3.26
80,Utilities,1519.0,1626.7,7.09,3.65
89,Utilities,1668.6,1590.3,-4.69,16.1
94,Utilities,275.3,359.2,30.49,5.89
128,Utilities,713.5,822.8,15.31,3.08
144,Utilities,1779.3,1834.8,3.12,2.58
160,Utilities,1715.1,1731.5,0.96,9.68
171,Utilities,899.6,932.5,3.65,13.68
180,Utilities,1366.7,1298.8,-4.97,17.91
184,Utilities,1046.7,1088.1,3.95,8.65
187,Utilities,3806.3,3038.0,-20.19,20.41
201,Utilities,2181.4,2034.7,-6.73,9.53
202,Utilities,1757.2,1798.6,2.36,0.26
214,Utilities,4660.7,3675.2,-21.15,15.27
215,Utilities,1104.4,1185.8,7.37,5.93
218,Utilities,819.6,906.1,10.55,2.06
234,Utilities,629.2,704.7,12.0,15.77
261,Utilities,781.4,843.8,7.98,12.03
263,Utilities,1563.4,1470.9,-5.92,16.3
278,Utilities,1968.6,1928.0,-2.06,10.22
292,Utilities,1296.9,1397.8,7.78,4.57
296,Utilities,593.9,642.2,8.14,11.0
298,Utilities,1753.1,1748.9,-0.24,9.51
313,Utilities,649.9,690.9,6.31,8.25
315,Utilities,685.6,672.6,-1.9,14.9
332,Utilities,1357.3,1387.1,2.2,10.69
335,Utilities,352.5,407.0,15.47,8.04
349,Utilities,1520.2,1599.5,5.21,-2.36
350,Utilities,2727.1,2477.1,-9.17,12.15
351,Utilities,335.2,373.4,11.38,7.89
358,Utilities,1570.5,1564.6,-0.38,7.82
364,Utilities,648.9,646.4,-0.39,13.29
367,Utilities,1016.1,1026.5,1.02,10.79
369,Utilities,1529.3,1676.3,9.61,3.58
381,Utilities,3331.7,2954.8,-11.31,3.66
386,Utilities,2271.1,2214.9,-2.47,5.49
406,Utilities,396.1,433.4,9.42,10.8
439,Utilities,1183.7,1243.8,5.08,11.21
447,Utilities,1692.8,1724.6,1.88,9.6
450,Utilities,3580.7,3018.9,-15.69,5.08
456,Utilities,353.9,394.4,11.45,9.85
468,Utilities,1076.9,1231.2,14.33,1.91
471,Utilities,2247.5,2173.0,-3.31,17.47
488,Utilities,3344.3,2886.6,-13.69,14.05
497,Utilities,1248.2,1270.3,1.77,12.39
500,Utilities,2495.0,2400.7,-3.78,7.5
508,Utilities,367.8,431.4,17.29,5.91
510,Utilities,1478.6,1490.5,0.81,9.04
516,Utilities,252.9,330.1,30.52,11.95
518,Utilities,345.2,429.8,24.52,4.73
525,Utilities,713.5,817.7,14.6,5.02
526,Utilities,208.3,286.2,37.39,9.63
528,Utilities,684.7,831.3,21.41,1.68
540,Utilities,1932.6,1938.8,0.32,7.82
549,Utilities,1886.3,1833.3,-2.81,9.11
565,Utilities,1772.0,1808.4,2.05,3.02
592,Utilities,1880.2,1915.6,1.88,7.29
594,Utilities,1557.2,1491.1,-4.25,8.44
598,Utilities,1219.5,1176.8,-3.5,12.29
603,Utilities,752.9,753.4,0.07,14.4
612,Utilities,575.7,690.6,19.96,5.62
618,Utilities,1065.2,1078.6,1.25,18.2
633,Utilities,412.1,464.1,12.61,12.16
637,Utilities,1192.4,1230.0,3.15,13.21
648,Utilities,332.1,405.3,22.03,11.65
658,Utilities,3433.2,3009.5,-12.34,13.43
677,Utilities,4226.4,3481.3,-17.63,12.33
704,Utilities,709.7,768.7,8.31,14.23
707,Utilities,2038.2,1997.7,-1.99,4.42
733,Utilities,1296.2,1343.8,3.67,7.75
739,Utilities,1066.0,1125.6,5.59,6.3
745,Utilities,3808.0,3256.5,-14.48,16.67
774,Utilities,898.2,961.2,7.02,4.33
777,Utilities,2069.6,1939.8,-6.27,12.95
787,Utilities,882.6,895.5,1.46,14.31
789,Utilities,1933.8,1877.2,-2.93,9.1
809,Utilities,591.4,684.0,15.65,16.7
825,Utilities,1241.9,1364.3,9.86,1.46
840,Utilities,1721.6,1784.6,3.66,2.19
844,Utilities,1910.2,1958.0,2.5,8.12
866,Utilities,1108.8,1126.7,1.61,10.07
879,Utilities,1162.9,1152.4,-0.9,9.29
881,Utilities,1498.5,1529.5,2.07,8.22
887,Utilities,4003.6,3260.1,-18.57,7.31
888,Utilities,835.3,936.6,12.13,2.09
890,Utilities,202.9,301.8,48.75,7.3
897,Utilities,709.4,771.5,8.75,6.84
898,Utilities,936.3,956.8,2.19,12.32
900,Utilities,574.9,848.4,47.58,22.21
902,Utilities,800.4,814.4,1.75,14.29
904,Utilities,1982.5,1913.2,-3.49,-0.99
914,Utilities,1812.5,1739.8,-4.01,13.49
918,Utilities,1848.8,1885.5,1.99,7.65
925,Utilities,950.9,953.7,0.29,15.19
954,Utilities,1102.1,1128.6,2.4,10.41
976,Utilities,1217.3,1158.9,-4.8,16.99
981,Utilities,1803.6,1847.6,2.44,2.57
984,Utilities,326.1,386.2,18.43,9.72
997,Utilities,642.9,682.6,6.17,10.33
