,Revenue,MarketCap,ESG_Environmental,WaterUsage,CarbonEmissions,EnergyConsumption,ESG_Overall,ProfitMargin,ESG_Governance,ESG_Social
Retail,0.3002351381001469,0.22339824843314318,-0.046367988692714204,0.28693565976765745,0.28693568316531576,0.2869356812816562,-0.027671918021645772,-0.011373410638186227,-0.07079727456248151,0.06696805060975566
Transportation,0.292901176608468,0.16591751854346742,0.021300460878506667,0.28741736382931504,0.2874173604232904,0.2874173597233877,0.10431285063190476,0.02280087128652442,0.1670562982440997,-0.006294789742230749
Technology,0.046733153411653544,0.0223429823426703,-0.021050464208001315,0.044952812579038506,0.04495281446007178,0.044952813394642195,0.044827538617289595,-0.062431144394142796,0.05737610198453079,0.033886670089824385
Finance,0.10499594788656545,0.01766393384741435,-0.039908918279475826,0.09798341339177306,0.09798342650591536,0.09798341433788307,0.03935075724878715,-0.05720172981801502,0.01793136343185393,0.06815797371347673
Healthcare,0.22224640801144094,0.15453428621729443,0.0945067917190401,0.21765112338057982,0.21765112338057982,0.21765112337632703,0.0374683058628479,-0.052672844265545964,-0.02451371002635017,0.02200297600292318
Energy,0.32913780519688995,0.27756766881520745,-0.09906588044255685,0.3282217240035924,0.3282217238370011,0.32822172387166354,-0.013147788401399957,0.03195615247573672,0.06055767685869464,-0.005367796725229202
Consumer Goods,0.13518847303926382,0.07887436083228717,0.07584226131500164,0.12926438572972146,0.12926438031842918,0.12926438729890907,0.05567634852896103,-0.03246979258245044,0.04301977944213042,-0.01243350171898691
Utilities,0.17666349856646127,0.12273195332719579,0.06165181236503127,0.1565625136366501,0.1565625141566574,0.15656251415970399,-0.025827997185123654,-0.02266151033391351,-0.045250244518863,-0.05419317667628342
Manufacturing,0.1392243302870088,0.11019732315491389,-0.01555057531432915,0.14994491631965828,0.14994491599277415,0.14994491686101055,-0.06637264421490702,-0.019885575878284885,-0.09424637076841966,-0.014598079033384675
