Industry,Revenue,ProfitMargin,MarketCap,GrowthRate,ESG_Overall,ESG_Environmental,ESG_Social,ESG_Governance,CarbonEmissions,WaterUsage,EnergyConsumption
Technology,7413.5,19.3,33455.0,9.2,63.5,88.5,58.8,48.7,215377.0,129226.2,430754.0
Healthcare,2930.6,15.5,7677.0,7.1,58.2,67.4,48.9,55.8,221881.7,221881.7,443763.5
Consumer Goods,1526.2,10.8,2777.7,5.3,55.85,51.35,59.35,55.0,250216.1,312770.15,1251080.45
Finance,3748.5,14.1,6694.7,5.1,64.0,96.4,58.1,47.1,42060.8,21030.4,105151.9
Transportation,814.4,4.6,1057.0,4.5,47.0,30.4,53.3,57.4,471910.7,78651.8,1573035.6
Retail,1093.55,5.35,1168.6,4.3,56.1,59.35,55.2,53.3,86050.35,43025.15,172100.65
Manufacturing,1453.2,8.5,1786.8,3.9,49.7,41.4,55.5,54.4,395073.4,526764.5,6584556.2
Energy,5601.25,10.7,9448.5,2.1,48.85,36.2,53.0,52.6,4981714.45,1494514.3,49817144.25
Utilities,1046.7,9.7,1097.9,2.0,51.8,46.3,55.0,49.5,700045.3,437528.3,7000452.7
